-- phpMyAdmin SQL Dump
-- version 4.9.0.1
-- https://www.phpmyadmin.net/
--
-- Host: 127.0.0.1:3306
-- Generation Time: Nov 09, 2019 at 09:57 PM
-- Server version: 10.3.16-MariaDB
-- PHP Version: 7.3.7

SET SQL_MODE = "NO_AUTO_VALUE_ON_ZERO";
SET AUTOCOMMIT = 0;
START TRANSACTION;
SET time_zone = "+00:00";


/*!40101 SET @OLD_CHARACTER_SET_CLIENT=@@CHARACTER_SET_CLIENT */;
/*!40101 SET @OLD_CHARACTER_SET_RESULTS=@@CHARACTER_SET_RESULTS */;
/*!40101 SET @OLD_COLLATION_CONNECTION=@@COLLATION_CONNECTION */;
/*!40101 SET NAMES utf8mb4 */;

--
-- Database: `ecommerce_api`
--

-- --------------------------------------------------------

--
-- Table structure for table `failed_jobs`
--

CREATE TABLE `failed_jobs` (
  `id` bigint(20) UNSIGNED NOT NULL,
  `connection` text COLLATE utf8mb4_unicode_ci NOT NULL,
  `queue` text COLLATE utf8mb4_unicode_ci NOT NULL,
  `payload` longtext COLLATE utf8mb4_unicode_ci NOT NULL,
  `exception` longtext COLLATE utf8mb4_unicode_ci NOT NULL,
  `failed_at` timestamp NOT NULL DEFAULT current_timestamp()
) ENGINE=InnoDB DEFAULT CHARSET=utf8mb4 COLLATE=utf8mb4_unicode_ci;

-- --------------------------------------------------------

--
-- Table structure for table `migrations`
--

CREATE TABLE `migrations` (
  `id` int(10) UNSIGNED NOT NULL,
  `migration` varchar(255) COLLATE utf8mb4_unicode_ci NOT NULL,
  `batch` int(11) NOT NULL
) ENGINE=InnoDB DEFAULT CHARSET=utf8mb4 COLLATE=utf8mb4_unicode_ci;

--
-- Dumping data for table `migrations`
--

INSERT INTO `migrations` (`id`, `migration`, `batch`) VALUES
(1, '2014_10_12_000000_create_users_table', 1),
(2, '2014_10_12_100000_create_password_resets_table', 1),
(3, '2019_08_19_000000_create_failed_jobs_table', 1),
(5, '2019_11_09_190947_create_products_table', 2),
(6, '2019_11_09_191006_create_reviews_table', 3);

-- --------------------------------------------------------

--
-- Table structure for table `password_resets`
--

CREATE TABLE `password_resets` (
  `email` varchar(255) COLLATE utf8mb4_unicode_ci NOT NULL,
  `token` varchar(255) COLLATE utf8mb4_unicode_ci NOT NULL,
  `created_at` timestamp NULL DEFAULT NULL
) ENGINE=InnoDB DEFAULT CHARSET=utf8mb4 COLLATE=utf8mb4_unicode_ci;

-- --------------------------------------------------------

--
-- Table structure for table `products`
--

CREATE TABLE `products` (
  `id` bigint(20) UNSIGNED NOT NULL,
  `name` varchar(255) COLLATE utf8mb4_unicode_ci NOT NULL,
  `image` varchar(255) COLLATE utf8mb4_unicode_ci DEFAULT NULL,
  `description` text COLLATE utf8mb4_unicode_ci NOT NULL,
  `price` int(11) NOT NULL,
  `stock` int(11) NOT NULL,
  `discount` int(11) NOT NULL,
  `created_at` timestamp NULL DEFAULT NULL,
  `updated_at` timestamp NULL DEFAULT NULL
) ENGINE=InnoDB DEFAULT CHARSET=utf8mb4 COLLATE=utf8mb4_unicode_ci;

--
-- Dumping data for table `products`
--

INSERT INTO `products` (`id`, `name`, `image`, `description`, `price`, `stock`, `discount`, `created_at`, `updated_at`) VALUES
(1, 'vel', 'dolores', 'Aliquid mollitia voluptatum molestiae sed iste accusantium labore. Nihil dolorem a quisquam illum incidunt culpa. Quaerat ea est ut. Qui inventore numquam et eveniet sit deleniti aut.', 371, 3, 17, '2019-11-09 13:59:58', '2019-11-09 13:59:58'),
(2, 'rerum', 'corrupti', 'Sequi suscipit quae voluptatibus dolores delectus cum recusandae. Maiores perspiciatis velit maxime similique. Dolorem qui aut magnam id labore in cumque ullam. Nulla consequatur iste rerum ut dignissimos.', 420, 9, 4, '2019-11-09 13:59:58', '2019-11-09 13:59:58'),
(3, 'autem', 'ut', 'Nulla voluptatem asperiores dolorum modi accusantium. Adipisci eum natus beatae quia aut minima. Qui temporibus voluptates beatae ut et.', 635, 9, 27, '2019-11-09 13:59:58', '2019-11-09 13:59:58'),
(4, 'maxime', 'exercitationem', 'Maxime omnis aut dolorum. Eius blanditiis est autem est. Molestiae quia dolor sit dolore veritatis ducimus nisi corrupti. Quibusdam temporibus reprehenderit hic est eveniet.', 611, 3, 15, '2019-11-09 13:59:58', '2019-11-09 13:59:58'),
(5, 'odio', 'et', 'Eius itaque molestias quidem est provident doloribus. Aut facilis dicta molestias quas qui autem. Et voluptas illo voluptas.', 394, 5, 2, '2019-11-09 13:59:58', '2019-11-09 13:59:58'),
(6, 'sed', 'quia', 'Quia dignissimos dolorem est aut velit. Architecto doloremque repellat inventore quo. Ipsam a non nihil repellat voluptatibus provident.', 931, 4, 24, '2019-11-09 13:59:58', '2019-11-09 13:59:58'),
(7, 'cupiditate', 'molestiae', 'Maxime nam hic nostrum. Ipsam distinctio ut animi dolorem ut ad. Praesentium error sequi temporibus nulla. Repellendus laboriosam ipsa esse.', 545, 2, 24, '2019-11-09 13:59:58', '2019-11-09 13:59:58'),
(8, 'impedit', 'nemo', 'Aspernatur explicabo repellat quae et et natus. Quia mollitia nulla voluptas exercitationem dolores. Odit architecto nobis perferendis pariatur debitis ut.', 246, 6, 22, '2019-11-09 13:59:58', '2019-11-09 13:59:58'),
(9, 'iusto', 'modi', 'Quo adipisci praesentium qui officia expedita eaque. Ea ut ut omnis rem. Autem aperiam libero tempore deleniti necessitatibus illum. Aut ducimus eaque ad eos animi.', 622, 1, 22, '2019-11-09 13:59:58', '2019-11-09 13:59:58'),
(10, 'rem', 'nam', 'Quas eos est sed blanditiis nulla ut. Velit ad dolorem non ratione quaerat id. Repellendus sit ex non veritatis quisquam sed nisi. Molestiae repudiandae qui rerum asperiores.', 762, 6, 4, '2019-11-09 13:59:58', '2019-11-09 13:59:58'),
(11, 'architecto', 'delectus', 'Labore corporis itaque error non modi. Sit dolorem qui culpa. Perspiciatis repellendus maiores natus dicta tempora aut et. Sunt et culpa laborum.', 659, 8, 12, '2019-11-09 13:59:58', '2019-11-09 13:59:58'),
(12, 'veritatis', 'dolor', 'Eligendi harum aliquam ratione voluptas consectetur illum quia. Et iure enim quibusdam et beatae velit. Asperiores provident quia modi molestiae sed. Ducimus tempore consequatur aut mollitia voluptatem ipsa et.', 891, 9, 13, '2019-11-09 13:59:58', '2019-11-09 13:59:58'),
(13, 'ipsa', 'quam', 'Vel eveniet optio tempore eius omnis. Perferendis nulla voluptates nostrum at incidunt corrupti. Dolore aut at est voluptate facere consequuntur in est.', 894, 5, 4, '2019-11-09 13:59:58', '2019-11-09 13:59:58'),
(14, 'est', 'sint', 'Impedit asperiores eos amet et non. Sunt molestias rem dignissimos eum nesciunt aut reiciendis. Ut tenetur inventore sed nihil iusto quis natus enim.', 144, 2, 25, '2019-11-09 13:59:58', '2019-11-09 13:59:58'),
(15, 'et', 'voluptatum', 'Aut sunt nihil voluptate ea dicta minima in. Possimus aut temporibus enim enim facilis. Molestiae ut eius in sunt omnis. Qui aut ea molestias amet.', 479, 7, 11, '2019-11-09 13:59:58', '2019-11-09 13:59:58'),
(16, 'eveniet', 'officia', 'Quo quidem eos nemo a nemo sint ducimus. Eos ut ut sunt commodi eveniet. Accusantium aut animi qui voluptas. Fuga excepturi nobis sed ex.', 350, 3, 25, '2019-11-09 13:59:58', '2019-11-09 13:59:58'),
(17, 'necessitatibus', 'repellat', 'A non error minus. Ea inventore pariatur officiis sunt. Nulla labore et aut in eveniet officiis. Eveniet unde eveniet dolorem quibusdam qui doloribus.', 902, 6, 21, '2019-11-09 13:59:58', '2019-11-09 13:59:58'),
(18, 'amet', 'explicabo', 'Eum et maxime qui veniam est in. Atque voluptas assumenda laudantium magni excepturi. Voluptates quas excepturi cum quisquam ex. Et quo et quae vero.', 143, 1, 17, '2019-11-09 13:59:58', '2019-11-09 13:59:58'),
(19, 'vero', 'soluta', 'Rem earum adipisci perferendis corporis. Sint ipsum repellendus corrupti iste qui distinctio. Nam est quos suscipit.', 339, 4, 19, '2019-11-09 13:59:58', '2019-11-09 13:59:58'),
(20, 'nam', 'cupiditate', 'Amet est sit vel itaque. Velit sed qui unde magni nostrum optio. Enim consequuntur quisquam molestias. Quaerat molestiae vel aliquam ullam velit quidem qui debitis. Corrupti officia eos qui vel qui.', 525, 3, 18, '2019-11-09 13:59:58', '2019-11-09 13:59:58'),
(21, 'aut', 'voluptatem', 'Aut provident pariatur sit et aperiam necessitatibus nulla. Eum velit doloribus a assumenda ut. Nesciunt in voluptatum alias ut et.', 162, 0, 25, '2019-11-09 13:59:58', '2019-11-09 13:59:58'),
(22, 'odio', 'quis', 'Consectetur rerum maxime veniam voluptatem animi. Et sapiente earum porro molestiae. Magnam et qui quidem ullam cum. Recusandae provident asperiores amet quia nesciunt illum.', 688, 5, 12, '2019-11-09 13:59:58', '2019-11-09 13:59:58'),
(23, 'omnis', 'eum', 'Omnis accusantium et autem iste. Et delectus vel veritatis fugit eos sit vel aliquid. Aperiam quia ad a.', 610, 5, 6, '2019-11-09 13:59:58', '2019-11-09 13:59:58'),
(24, 'quis', 'dolor', 'Itaque vero reprehenderit sunt est veritatis. Et a eum impedit. Quia dignissimos non voluptas unde excepturi.', 742, 9, 14, '2019-11-09 13:59:58', '2019-11-09 13:59:58'),
(25, 'neque', 'temporibus', 'Sapiente est voluptatem ut beatae commodi in. Sint numquam velit voluptatum aut eos voluptatem fugiat. Vel suscipit quis vel sit tempore deserunt voluptatem. Et repellendus aut et.', 348, 5, 24, '2019-11-09 13:59:58', '2019-11-09 13:59:58'),
(26, 'culpa', 'modi', 'Similique voluptatibus aut doloremque unde quia autem ullam. Ea aut fuga qui reiciendis consectetur. Sed excepturi nisi doloremque quo pariatur.', 285, 5, 8, '2019-11-09 13:59:58', '2019-11-09 13:59:58'),
(27, 'eum', 'itaque', 'Repellendus et tempore eius et. Assumenda optio qui et sint officia unde qui est. Aut aut vitae nostrum.', 423, 2, 28, '2019-11-09 13:59:58', '2019-11-09 13:59:58'),
(28, 'explicabo', 'modi', 'Saepe ratione est quam sed modi tempora molestias. Sunt rerum quisquam omnis in ipsam. Est hic rerum dolorem incidunt. Facilis necessitatibus rerum veniam qui porro dignissimos.', 526, 7, 15, '2019-11-09 13:59:58', '2019-11-09 13:59:58'),
(29, 'in', 'nobis', 'Quas velit rerum quo magnam. Cupiditate consequatur sed qui ut minima eligendi officiis. Nisi ut omnis a cupiditate et.', 590, 5, 11, '2019-11-09 13:59:58', '2019-11-09 13:59:58'),
(30, 'sit', 'voluptatem', 'Rerum fuga eos mollitia error in sint. Et aperiam esse eum at quidem exercitationem. Rerum maxime cupiditate illo soluta occaecati id inventore. Accusamus dignissimos quae accusantium.', 269, 1, 2, '2019-11-09 13:59:58', '2019-11-09 13:59:58'),
(31, 'itaque', 'ea', 'Qui et rerum sequi totam soluta ut molestias. Deserunt et expedita veniam at inventore accusamus. Fugiat rerum placeat aperiam iure enim. In quo occaecati dolorum molestiae et.', 839, 7, 16, '2019-11-09 13:59:58', '2019-11-09 13:59:58'),
(32, 'qui', 'nam', 'Earum magni non voluptate et. Cumque provident accusamus aspernatur. Vero molestiae sequi rerum cumque neque nesciunt qui. Accusamus necessitatibus dicta voluptatem vel ratione corporis blanditiis.', 503, 6, 24, '2019-11-09 13:59:58', '2019-11-09 13:59:58'),
(33, 'qui', 'deleniti', 'Praesentium dolorem excepturi officiis quia quidem tenetur optio. Omnis iusto perferendis est. Omnis esse sint in et voluptates.', 955, 7, 15, '2019-11-09 13:59:58', '2019-11-09 13:59:58'),
(34, 'tempore', 'in', 'Quia at enim sint aut. Eum soluta non a quos corrupti odio dolores dolore. Et illo quia dolores voluptas et sed vitae. Repudiandae non sed nisi ea corporis laboriosam aut.', 943, 6, 28, '2019-11-09 13:59:58', '2019-11-09 13:59:58'),
(35, 'sit', 'culpa', 'Ea qui officiis aut nemo inventore. Amet velit ipsum beatae sed quibusdam. Voluptatem non quod vero nesciunt veritatis nostrum quia.', 475, 3, 6, '2019-11-09 13:59:58', '2019-11-09 13:59:58'),
(36, 'molestiae', 'et', 'Eaque ullam dolores recusandae reiciendis veritatis aperiam. Quae voluptatibus recusandae vel eveniet autem veritatis aut. Quo cumque consequuntur aspernatur rerum. Iusto sit quos enim rerum nihil rerum ut.', 791, 0, 19, '2019-11-09 13:59:58', '2019-11-09 13:59:58'),
(37, 'officiis', 'modi', 'Molestiae ducimus tenetur debitis veniam. Sit voluptate minus dolor corrupti fugit. Aut blanditiis quia et dolorum magni nulla. Accusamus consectetur adipisci sapiente neque repudiandae optio voluptatem.', 540, 2, 30, '2019-11-09 13:59:58', '2019-11-09 13:59:58'),
(38, 'sit', 'ab', 'Quidem necessitatibus aut omnis quo quis ut quasi. Ab est labore ut nobis consequatur mollitia exercitationem. Distinctio ea qui ut iure. Minus cumque quis dolores aut earum.', 791, 2, 26, '2019-11-09 13:59:58', '2019-11-09 13:59:58'),
(39, 'rerum', 'voluptatem', 'Tempora et sed laboriosam harum aut saepe. Nihil delectus sunt inventore libero nobis sit. Deleniti aut facilis quia qui.', 181, 2, 25, '2019-11-09 13:59:58', '2019-11-09 13:59:58'),
(40, 'quam', 'animi', 'Consectetur molestiae rerum corrupti voluptatem. Et voluptates ipsam ut animi totam.', 569, 0, 10, '2019-11-09 13:59:58', '2019-11-09 13:59:58'),
(41, 'voluptatum', 'corporis', 'Qui voluptates est et rerum non. Soluta amet excepturi deserunt assumenda expedita rerum. Quisquam id voluptas et ut rerum ut rerum numquam.', 342, 6, 21, '2019-11-09 13:59:58', '2019-11-09 13:59:58'),
(42, 'doloribus', 'qui', 'Laudantium sunt deserunt recusandae accusamus facere corrupti recusandae. Ut quis minus tempora omnis ut sint. Quos ut eos non magni rem enim molestiae. Nam eos suscipit rem molestiae aperiam sint. Dicta nulla veniam omnis eos dolor consectetur.', 867, 7, 2, '2019-11-09 13:59:58', '2019-11-09 13:59:58'),
(43, 'non', 'harum', 'Voluptatibus ut rerum vel quo asperiores magni qui. Est nam expedita voluptates. Quo molestiae quod doloremque quia. Ipsa voluptas ipsum pariatur excepturi sed quaerat omnis incidunt.', 337, 6, 18, '2019-11-09 13:59:58', '2019-11-09 13:59:58'),
(44, 'modi', 'aut', 'Similique quos omnis doloremque non reprehenderit voluptatem. Sunt natus quasi eligendi ratione. Adipisci qui quidem assumenda odit non. Voluptatem et maiores consequatur deleniti laborum tenetur.', 625, 7, 15, '2019-11-09 13:59:58', '2019-11-09 13:59:58'),
(45, 'accusantium', 'non', 'Similique magnam accusantium magni nemo est dolore soluta. Adipisci maxime fugit asperiores impedit in fuga nihil molestiae.', 822, 4, 19, '2019-11-09 13:59:58', '2019-11-09 13:59:58'),
(46, 'repellendus', 'inventore', 'Ut architecto consequatur iusto voluptas doloremque. Rem iure sequi quis molestias facere. Sunt fuga omnis officia neque vel quo pariatur sint. Aut nihil dicta alias est est cumque molestiae natus.', 122, 6, 6, '2019-11-09 13:59:58', '2019-11-09 13:59:58'),
(47, 'tempore', 'est', 'Voluptates ipsam ratione molestias porro. Fugit dolor debitis a at enim praesentium quis. Et perspiciatis rerum animi eligendi. Ipsum velit aperiam rerum nemo.', 301, 2, 24, '2019-11-09 13:59:58', '2019-11-09 13:59:58'),
(48, 'ea', 'dolorem', 'Sapiente voluptatem corporis nostrum veritatis. Unde dicta eveniet voluptatem laboriosam. Eos nisi accusantium inventore voluptatem.', 314, 2, 21, '2019-11-09 13:59:58', '2019-11-09 13:59:58'),
(49, 'nostrum', 'autem', 'Fugit vero at corporis fuga. Laboriosam sint suscipit et consequatur at officia minus. Corporis earum qui consequuntur voluptatem consequatur quisquam. Nihil fuga cumque doloribus sapiente aliquid.', 409, 0, 24, '2019-11-09 13:59:58', '2019-11-09 13:59:58'),
(50, 'eaque', 'et', 'Molestiae maxime temporibus voluptatem dignissimos fuga. Vero expedita deleniti quod quo aliquid. Quis repudiandae nihil quia qui. Quidem ut quam nulla illum quod aut praesentium dolorum.', 499, 3, 29, '2019-11-09 13:59:58', '2019-11-09 13:59:58');

-- --------------------------------------------------------

--
-- Table structure for table `reviews`
--

CREATE TABLE `reviews` (
  `id` bigint(20) UNSIGNED NOT NULL,
  `product_id` bigint(20) UNSIGNED NOT NULL,
  `customer` varchar(255) COLLATE utf8mb4_unicode_ci NOT NULL,
  `review` text COLLATE utf8mb4_unicode_ci NOT NULL,
  `star` int(11) NOT NULL,
  `created_at` timestamp NULL DEFAULT NULL,
  `updated_at` timestamp NULL DEFAULT NULL
) ENGINE=InnoDB DEFAULT CHARSET=utf8mb4 COLLATE=utf8mb4_unicode_ci;

--
-- Dumping data for table `reviews`
--

INSERT INTO `reviews` (`id`, `product_id`, `customer`, `review`, `star`, `created_at`, `updated_at`) VALUES
(1, 3, 'Nikko Shanahan', 'Consequatur sunt deserunt aut consequuntur quidem porro qui. Voluptas dolores natus laboriosam. Natus nam sed occaecati eum. Omnis ut sed consequatur voluptas dolore.', 2, '2019-11-09 13:59:58', '2019-11-09 13:59:58'),
(2, 14, 'Madge Harber', 'Aliquam facilis aliquid eos officiis suscipit expedita aspernatur provident. Culpa repellendus hic dolorem esse pariatur blanditiis. Et nihil quidem incidunt ea. Aut sunt quibusdam commodi. Incidunt qui similique et qui.', 4, '2019-11-09 13:59:58', '2019-11-09 13:59:58'),
(3, 9, 'Ethan Metz I', 'Sed nostrum fuga ullam officia aut. Incidunt suscipit molestiae aspernatur. Facilis eaque reprehenderit voluptatem temporibus voluptates. Id magnam porro asperiores culpa eos aperiam.', 1, '2019-11-09 13:59:58', '2019-11-09 13:59:58'),
(4, 5, 'Mrs. Tiana Walter Sr.', 'Molestiae et qui blanditiis eveniet. Labore veniam velit reprehenderit nihil et quia iste ut. Est ut non impedit non sunt.', 4, '2019-11-09 13:59:58', '2019-11-09 13:59:58'),
(5, 47, 'Mrs. Annalise Hirthe', 'Dolor placeat magnam sit quia vero id impedit. Pariatur provident voluptates natus sunt ut et. Doloribus maiores similique beatae quo labore sed commodi. Quis est sequi eligendi amet.', 0, '2019-11-09 13:59:58', '2019-11-09 13:59:58'),
(6, 38, 'Aaliyah Orn', 'Ut aut et optio sed dolores. Qui dolorum amet saepe provident soluta voluptates cupiditate sequi. Sed totam aut deleniti qui natus.', 1, '2019-11-09 13:59:58', '2019-11-09 13:59:58'),
(7, 46, 'Sallie Quitzon', 'Architecto sunt repellendus et officia quasi fugit animi. Itaque quaerat ullam ut et ducimus consequatur. Repudiandae cupiditate ab quia iste aliquid dolorem non.', 3, '2019-11-09 13:59:58', '2019-11-09 13:59:58'),
(8, 35, 'Dr. Murray Volkman DDS', 'Et et incidunt repellendus minima occaecati et. Est corrupti tempore dolor in et veniam aliquid aspernatur.', 0, '2019-11-09 13:59:58', '2019-11-09 13:59:58'),
(9, 19, 'Miss Bettie Lebsack V', 'Ullam architecto labore labore atque. Sed est sunt omnis nihil. Deserunt est voluptate omnis totam deleniti aliquam. Libero ut magnam ipsam nisi recusandae consequatur.', 4, '2019-11-09 13:59:58', '2019-11-09 13:59:58'),
(10, 9, 'Luciano Kling PhD', 'Cumque ratione repellat ut mollitia omnis iste. Rem nam ut delectus enim accusamus et eum. Ut esse ut porro aperiam maiores molestiae. Deserunt pariatur quas ducimus est.', 2, '2019-11-09 13:59:58', '2019-11-09 13:59:58'),
(11, 28, 'Talia Will', 'Facilis accusantium sit vel. Nihil mollitia atque fugit porro mollitia et qui. Consequatur natus unde illum. Qui porro animi quae et dolorem molestiae magni.', 1, '2019-11-09 13:59:58', '2019-11-09 13:59:58'),
(12, 15, 'Abraham McGlynn', 'Maiores aut et deleniti. Et quia voluptatem voluptatem aut eaque consequatur. Dignissimos tenetur nihil nesciunt ea possimus quo molestias. Optio voluptatem magnam quo nesciunt amet. Eaque occaecati autem occaecati sed.', 4, '2019-11-09 13:59:58', '2019-11-09 13:59:58'),
(13, 14, 'Annalise Greenholt', 'Et sequi rem molestias cumque occaecati. Eaque nemo sit non corrupti quis eligendi. Praesentium sint et nesciunt eius dicta omnis sapiente. Voluptatem eum omnis rerum tempore deserunt enim delectus.', 1, '2019-11-09 13:59:58', '2019-11-09 13:59:58'),
(14, 30, 'Makenna Torp', 'Nobis distinctio enim doloremque autem. Fuga ex deleniti harum sint. Sequi qui nemo magni libero rem quibusdam illum.', 3, '2019-11-09 13:59:58', '2019-11-09 13:59:58'),
(15, 32, 'Pamela Emmerich', 'Hic possimus officia quo mollitia minima aut facilis voluptatem. Veniam cum voluptatibus culpa sint ut et. Qui quisquam dolores qui optio sed et.', 5, '2019-11-09 13:59:58', '2019-11-09 13:59:58'),
(16, 4, 'Crystel Durgan', 'Quam ullam et facilis qui. Optio libero magni ex et nesciunt nemo illum est.', 1, '2019-11-09 13:59:58', '2019-11-09 13:59:58'),
(17, 1, 'Mr. Webster Windler', 'Omnis quo ab voluptatum. Laudantium dignissimos voluptatem voluptatem incidunt. Ad dolorum maiores id voluptas explicabo esse in. Voluptates molestias accusamus rerum laboriosam.', 2, '2019-11-09 13:59:58', '2019-11-09 13:59:58'),
(18, 29, 'Vicky Thiel', 'In ducimus aut dolor animi. Eum recusandae numquam non. Enim optio in cumque nobis est iste distinctio. Illo ad eum ab nihil iure.', 0, '2019-11-09 13:59:58', '2019-11-09 13:59:58'),
(19, 50, 'Candelario Wiegand', 'Eaque in voluptate eos amet. Et qui omnis ea blanditiis. Assumenda voluptatibus est ad et in quia. Architecto esse et asperiores.', 5, '2019-11-09 13:59:58', '2019-11-09 13:59:58'),
(20, 41, 'Henderson Boyer', 'Laboriosam eos rerum aliquid unde. Sit itaque veritatis veniam adipisci tenetur illo aut. Vero soluta et expedita fugit quia sint possimus.', 2, '2019-11-09 13:59:58', '2019-11-09 13:59:58'),
(21, 48, 'Dario Bednar', 'Qui optio ducimus quidem pariatur vel amet. Odit repellendus magni eum nihil explicabo nam ad velit. Suscipit culpa voluptatem et hic nihil ipsam. Aut nulla culpa sunt reprehenderit.', 2, '2019-11-09 13:59:58', '2019-11-09 13:59:58'),
(22, 21, 'Brayan Lindgren', 'Autem laborum optio blanditiis debitis omnis qui. Numquam id nemo et animi velit ut voluptatum. Expedita ipsum cumque aliquid autem.', 4, '2019-11-09 13:59:58', '2019-11-09 13:59:58'),
(23, 38, 'Kane Hansen', 'Voluptas earum vel animi beatae mollitia voluptatem. Voluptatum at et sint officia. Aliquid suscipit corrupti molestiae accusantium accusantium.', 0, '2019-11-09 13:59:58', '2019-11-09 13:59:58'),
(24, 27, 'Dr. Cristian Gorczany', 'Aspernatur aut est eaque libero magni quia. Qui architecto deserunt beatae veritatis quia voluptatem officiis. Earum sit temporibus recusandae voluptates reprehenderit sint ad.', 4, '2019-11-09 13:59:58', '2019-11-09 13:59:58'),
(25, 37, 'Mazie Simonis', 'Sit eos aperiam eius fugiat magnam voluptatem voluptas. Consequatur fugiat rerum ut et quibusdam facilis sint. Blanditiis iste natus impedit perferendis inventore enim. Vero voluptatem eos nisi excepturi asperiores inventore dolores.', 5, '2019-11-09 13:59:58', '2019-11-09 13:59:58'),
(26, 7, 'Danyka Hermann', 'Quia omnis sint quae qui. Sit ratione ipsum qui quia et et impedit. Quidem ut iusto atque et. Qui corporis enim recusandae nihil et voluptatem error.', 0, '2019-11-09 13:59:58', '2019-11-09 13:59:58'),
(27, 46, 'Jaquan Mitchell', 'Fugiat mollitia dolorum accusantium magni rem sit odio. Nemo nihil non ut illo et tempora. Quos et molestias laborum odio voluptates. Quia ipsa qui aut voluptatum.', 3, '2019-11-09 13:59:58', '2019-11-09 13:59:58'),
(28, 21, 'Dr. Sylvia Treutel Jr.', 'Aut dolor iusto est ullam animi. Cum eveniet placeat occaecati quos. Temporibus earum perferendis aut ut officiis assumenda facere. A possimus et voluptatem autem in iure.', 2, '2019-11-09 13:59:58', '2019-11-09 13:59:58'),
(29, 30, 'Arvilla Willms', 'Similique culpa sint amet aut. Ullam voluptatibus dignissimos distinctio culpa doloribus minus in. Facilis voluptatem dolor qui provident veniam eveniet. Tenetur reprehenderit quis pariatur aut tempora. Tempora pariatur voluptate molestiae veniam.', 1, '2019-11-09 13:59:58', '2019-11-09 13:59:58'),
(30, 6, 'Asia Rath', 'Dolor aut omnis odit rerum architecto. Vel repellendus soluta voluptatem ipsa vero. Voluptas aspernatur et non recusandae eum.', 2, '2019-11-09 13:59:58', '2019-11-09 13:59:58'),
(31, 14, 'Dr. Drake Feest DVM', 'Aut repellat commodi rerum nobis et et. Praesentium aut quo et. Praesentium facilis est dignissimos consequatur quidem quae. Et et beatae sapiente corporis dolor quis assumenda.', 0, '2019-11-09 13:59:58', '2019-11-09 13:59:58'),
(32, 48, 'Esta Daniel', 'Nihil nobis aut porro officiis ut deserunt exercitationem nostrum. Sint quasi voluptate repellendus magnam. Ipsa exercitationem expedita aperiam et eum expedita.', 5, '2019-11-09 13:59:58', '2019-11-09 13:59:58'),
(33, 39, 'Mireille McKenzie', 'Eveniet saepe voluptas rem consequatur dolore mollitia est voluptas. Omnis dolorum reiciendis vel. Et sint sit id cupiditate voluptatem.', 2, '2019-11-09 13:59:58', '2019-11-09 13:59:58'),
(34, 8, 'Jeff Howe', 'Est dolorem atque nostrum velit vitae. Inventore eum rem neque omnis cupiditate quaerat.', 1, '2019-11-09 13:59:58', '2019-11-09 13:59:58'),
(35, 22, 'Rozella Nienow', 'Repudiandae est eum dolorem occaecati quod non. Autem nihil in ea excepturi. Temporibus saepe illo eum magnam.', 0, '2019-11-09 13:59:58', '2019-11-09 13:59:58'),
(36, 39, 'Aurelia Brown', 'Sequi omnis labore et velit. Rem ab ea sed ea. Ut est voluptas explicabo quam laboriosam. Aut aut deserunt nisi vel non minima reiciendis natus.', 4, '2019-11-09 13:59:58', '2019-11-09 13:59:58'),
(37, 4, 'Mrs. Lilyan Kohler DVM', 'Alias nulla quos itaque esse. Nesciunt nihil vero explicabo magnam ut. Debitis aut eius est laboriosam ut in. Recusandae aut perspiciatis dolorem quia qui.', 4, '2019-11-09 13:59:58', '2019-11-09 13:59:58'),
(38, 23, 'Wendell Greenfelder', 'Consequatur quae et explicabo. Neque quam rerum quis. Sunt occaecati non velit ut. Suscipit mollitia in et. Voluptatibus tenetur consequatur eaque nihil necessitatibus veniam aliquid.', 3, '2019-11-09 13:59:58', '2019-11-09 13:59:58'),
(39, 8, 'Leopold Cruickshank', 'Ipsa natus repudiandae fugiat est. Debitis beatae non accusantium aut nihil. Placeat maxime quia eum quis ipsa quia.', 1, '2019-11-09 13:59:58', '2019-11-09 13:59:58'),
(40, 19, 'Tomas Bins', 'Facilis aut omnis aliquam ut architecto id. Ea eum eveniet eos sed voluptatem ullam. Nobis qui qui ipsam saepe expedita illo. Vitae dolores numquam porro explicabo corrupti.', 4, '2019-11-09 13:59:58', '2019-11-09 13:59:58'),
(41, 39, 'Maurine Gislason', 'Voluptatem quia officia quisquam odio eveniet. Voluptatum officia quis omnis autem. Autem debitis nihil enim voluptatem beatae et qui.', 1, '2019-11-09 13:59:58', '2019-11-09 13:59:58'),
(42, 35, 'Ottilie Becker DDS', 'Accusamus enim magni natus. Tempore nulla dolorum nihil. Modi blanditiis libero tempore eligendi impedit adipisci sint.', 2, '2019-11-09 13:59:58', '2019-11-09 13:59:58'),
(43, 20, 'Alf Jaskolski', 'Consequatur et maxime ipsa adipisci alias quo numquam. Odit dolorem dolore corporis quia repellendus nostrum. Numquam ea numquam atque qui est quam. Et voluptate maxime nobis rerum voluptates delectus praesentium.', 4, '2019-11-09 13:59:58', '2019-11-09 13:59:58'),
(44, 9, 'Lori Kuphal Jr.', 'Ducimus ut amet consequatur est qui ullam aliquam aut. Sequi cum qui architecto et.', 3, '2019-11-09 13:59:58', '2019-11-09 13:59:58'),
(45, 29, 'Miss Serena Stroman DDS', 'Ipsam incidunt dolores est qui ut adipisci. Sit vitae quia eius praesentium earum et unde assumenda.', 3, '2019-11-09 13:59:58', '2019-11-09 13:59:58'),
(46, 37, 'Korey Jones', 'Delectus dolor aut quia modi nobis dolores rerum. Veniam commodi perspiciatis et qui aperiam in. Nulla neque aut eligendi nihil sunt. Voluptate aut doloremque sed placeat deserunt.', 5, '2019-11-09 13:59:58', '2019-11-09 13:59:58'),
(47, 17, 'Delilah Adams', 'Nihil assumenda aperiam temporibus nihil tempora. Adipisci cum officia temporibus natus accusamus numquam. Eum non sapiente aliquid minus autem.', 5, '2019-11-09 13:59:58', '2019-11-09 13:59:58'),
(48, 37, 'Dr. Jewel Douglas', 'Tenetur atque eius qui rerum. Et eligendi et ut et amet in. Ipsa iusto quaerat placeat vitae. Sint officia voluptatum repellendus non aspernatur ut.', 4, '2019-11-09 13:59:58', '2019-11-09 13:59:58'),
(49, 7, 'Kody Hettinger', 'Nesciunt odio dolor reprehenderit qui. Similique laboriosam pariatur tempora qui quo rem. Totam consequatur aspernatur non libero aut minus et sit.', 2, '2019-11-09 13:59:58', '2019-11-09 13:59:58'),
(50, 6, 'Brock Ward', 'Veniam aut odio neque ut numquam dolorem autem. Magnam ut ut sint in. Dolor asperiores explicabo quam rerum. Et dolorum cum iste dolorum qui deleniti.', 2, '2019-11-09 13:59:58', '2019-11-09 13:59:58'),
(51, 31, 'Elena Kirlin', 'Esse totam eius ea quia accusamus architecto. Odit nihil et odio praesentium dolor. Et ut voluptas doloremque accusamus possimus laborum. Optio aperiam quae ullam non.', 1, '2019-11-09 13:59:58', '2019-11-09 13:59:58'),
(52, 40, 'Prof. Maryjane Emard Jr.', 'Non delectus et quasi voluptatem. Quibusdam expedita odit nam et a at.', 2, '2019-11-09 13:59:58', '2019-11-09 13:59:58'),
(53, 48, 'Ms. Leonora Schiller V', 'In architecto ab ducimus voluptatum facilis ut. Delectus dignissimos veritatis perspiciatis. Nesciunt vel consequuntur quis quam. Qui inventore dolorum praesentium voluptatibus rerum totam ut.', 5, '2019-11-09 13:59:58', '2019-11-09 13:59:58'),
(54, 40, 'Delia Sporer', 'Maxime omnis veniam voluptas maxime omnis. Deserunt eveniet eos sed quasi. Omnis sit assumenda ut ipsa excepturi optio. Veniam placeat voluptatem sequi tenetur occaecati.', 1, '2019-11-09 13:59:58', '2019-11-09 13:59:58'),
(55, 45, 'Miss Cydney Ruecker III', 'Aut possimus ea atque ut quo illo. Aut nisi ipsa dolor ratione odit. Voluptas eius ipsa blanditiis ducimus aut architecto dolores. Iste dolores cupiditate consectetur quia esse.', 0, '2019-11-09 13:59:58', '2019-11-09 13:59:58'),
(56, 30, 'Kayley Runolfsson', 'Aut eos quasi iusto tempora est. Sit amet voluptas qui non aut consequatur id animi. Minima quas non tempore eius impedit omnis.', 2, '2019-11-09 13:59:58', '2019-11-09 13:59:58'),
(57, 3, 'Americo Huels', 'Est doloremque dolorem officia delectus ut molestiae aut. Doloremque eius non qui dicta rerum quas ipsa. Excepturi voluptate harum assumenda autem libero est.', 2, '2019-11-09 13:59:58', '2019-11-09 13:59:58'),
(58, 28, 'Mrs. Mozelle Upton', 'Et iure neque maiores adipisci. Consequatur consequatur consequatur aut maxime magnam qui ut. Repellat sed non omnis. Dicta itaque qui aut soluta dolor.', 4, '2019-11-09 13:59:58', '2019-11-09 13:59:58'),
(59, 43, 'Madyson Green', 'Odio omnis consequatur nobis facilis et. Ut qui commodi facere soluta repellendus et voluptatibus.', 4, '2019-11-09 13:59:58', '2019-11-09 13:59:58'),
(60, 18, 'Andre Schroeder', 'Eveniet rem enim excepturi quam culpa est quo. Odit et non facilis ut quam. Sed exercitationem qui quas qui.', 0, '2019-11-09 13:59:58', '2019-11-09 13:59:58'),
(61, 14, 'Dr. Fabian Kreiger', 'Quod sequi reiciendis sed sed dolorum molestiae. Rem vel id odit eum explicabo assumenda numquam.', 4, '2019-11-09 13:59:58', '2019-11-09 13:59:58'),
(62, 14, 'Shane Gusikowski', 'Magni aut ut ut ipsam ullam. Ullam expedita aut perferendis adipisci non. Molestiae cum cum pariatur voluptatum cum. Deserunt et autem exercitationem cum.', 4, '2019-11-09 13:59:58', '2019-11-09 13:59:58'),
(63, 50, 'Frederic Wintheiser', 'Corporis aut est et ea aut deleniti veritatis. Magni odio doloribus vitae voluptas nemo magnam deserunt. Dolor hic aliquid deserunt ut explicabo quasi eligendi.', 1, '2019-11-09 13:59:58', '2019-11-09 13:59:58'),
(64, 46, 'Rylee Hyatt', 'Eaque iusto natus est. Sint aut odio quia nostrum iste. Voluptatem sequi explicabo sunt minima nihil ipsam.', 0, '2019-11-09 13:59:58', '2019-11-09 13:59:58'),
(65, 5, 'Mrs. Rafaela Prosacco Jr.', 'Hic aut earum vero neque sapiente. Sunt voluptatem laborum maiores minus iste dolor. Aliquam qui vel sit sed nam harum blanditiis.', 0, '2019-11-09 13:59:58', '2019-11-09 13:59:58'),
(66, 32, 'Prof. Grover Schuster Sr.', 'Consequatur harum quia iusto eius autem eius sit. Est consectetur nesciunt assumenda ipsam exercitationem exercitationem molestiae eaque. Corporis id ut aspernatur dolores. Possimus quas sit est non iusto.', 0, '2019-11-09 13:59:58', '2019-11-09 13:59:58'),
(67, 45, 'Donavon Fisher', 'Reprehenderit rerum amet qui iure eos quod. Impedit illum deleniti quisquam nemo est id repellat. Tenetur autem dolor odio dignissimos recusandae cumque error.', 4, '2019-11-09 13:59:58', '2019-11-09 13:59:58'),
(68, 50, 'Catherine O\'Reilly', 'Est ut quibusdam officiis exercitationem possimus harum. Dolor quam nihil sed blanditiis. Explicabo possimus non quia rem. Nostrum vero reprehenderit quibusdam saepe.', 5, '2019-11-09 13:59:58', '2019-11-09 13:59:58'),
(69, 39, 'Rick Rowe', 'Fuga veniam autem sunt sit. Sunt commodi aut quo nesciunt sed. Alias neque illo et delectus sit molestiae. Enim iure ab inventore officiis qui.', 4, '2019-11-09 13:59:58', '2019-11-09 13:59:58'),
(70, 43, 'Laisha Larkin', 'Quas sed ut qui eos. Officiis et officiis vel distinctio rem. Velit nisi quidem quasi sit incidunt ea.', 3, '2019-11-09 13:59:58', '2019-11-09 13:59:58'),
(71, 38, 'Andreanne Klocko', 'Ipsam corporis totam ducimus voluptatem. Eaque et magnam sequi aliquid quae eveniet. Minima ut dolores amet nihil eum nostrum. Pariatur reiciendis provident qui dolorum quo. Accusantium adipisci ut saepe saepe ea eos.', 5, '2019-11-09 13:59:58', '2019-11-09 13:59:58'),
(72, 16, 'Ciara Hintz', 'Qui et aut unde mollitia nihil consectetur. Consequatur quos explicabo quia magni ea sapiente. Perspiciatis aliquam nostrum rerum amet.', 0, '2019-11-09 13:59:58', '2019-11-09 13:59:58'),
(73, 25, 'Cameron Wiza', 'Nam qui earum neque vel corrupti. Quae dolor est quam hic officiis sit. Est unde officia officiis aut. Mollitia itaque nisi iste iusto aliquam.', 0, '2019-11-09 13:59:58', '2019-11-09 13:59:58'),
(74, 24, 'Beth Mraz III', 'Provident harum et quo aut. Cupiditate laudantium ea alias et porro eos ut. Sit qui iure dolorem molestias excepturi. Autem dolor eius fugiat.', 3, '2019-11-09 13:59:58', '2019-11-09 13:59:58'),
(75, 39, 'Tremayne Ritchie', 'Ipsum odio ea reprehenderit ad consequatur est. Veniam labore iste ea. Sapiente qui qui neque sequi ducimus. Suscipit assumenda enim molestiae.', 0, '2019-11-09 13:59:58', '2019-11-09 13:59:58'),
(76, 37, 'Aida Hessel', 'Praesentium provident ducimus vero nihil ea aut. Non expedita vel quisquam qui laudantium. Numquam ipsum magnam neque molestiae.', 0, '2019-11-09 13:59:58', '2019-11-09 13:59:58'),
(77, 40, 'Mrs. Alvina Blick', 'Adipisci excepturi perferendis magnam est quas sint. Omnis in laudantium eos temporibus sequi culpa vero. Temporibus voluptatibus dolores quisquam ullam aut.', 3, '2019-11-09 13:59:58', '2019-11-09 13:59:58'),
(78, 6, 'Odessa Crona MD', 'Fuga tempore consequatur ratione unde eaque placeat. Ratione cumque consequatur ea qui. In autem aut minus molestiae. Quia iusto similique vel voluptatem quia saepe adipisci vel. Consequatur delectus et tempore minus animi.', 0, '2019-11-09 13:59:58', '2019-11-09 13:59:58'),
(79, 9, 'Crawford Feest', 'Quam quidem tempora incidunt ut nihil. Illo quo quia eum sapiente.', 0, '2019-11-09 13:59:58', '2019-11-09 13:59:58'),
(80, 22, 'Terrance Little Jr.', 'Reprehenderit occaecati ea quis a eveniet ipsum. Accusantium est corporis aut fugiat quod temporibus. Autem rerum quia similique similique. Veritatis rerum tenetur accusamus non recusandae magnam.', 2, '2019-11-09 13:59:58', '2019-11-09 13:59:58'),
(81, 31, 'Syble Pouros I', 'Asperiores aliquid ipsum cupiditate necessitatibus nulla voluptatem dicta. Delectus atque voluptate doloremque dolorum maiores possimus. Sit vero facilis facere et nesciunt nostrum aut.', 0, '2019-11-09 13:59:58', '2019-11-09 13:59:58'),
(82, 43, 'Gilberto Maggio', 'Quia aut nam suscipit quo. Ipsam nihil est eum maiores. Facilis minus possimus quo deleniti eos ipsa quo.', 5, '2019-11-09 13:59:58', '2019-11-09 13:59:58'),
(83, 38, 'Prof. Salvador O\'Hara MD', 'Voluptas sit officiis illum distinctio in. Error tempora earum et velit. Expedita pariatur impedit dignissimos.', 0, '2019-11-09 13:59:58', '2019-11-09 13:59:58'),
(84, 32, 'Roxanne Watsica V', 'Delectus eum expedita natus dolor nihil qui. Cumque illo quae architecto soluta non illum consequatur. Placeat ullam corporis ad facilis hic doloremque maxime.', 0, '2019-11-09 13:59:58', '2019-11-09 13:59:58'),
(85, 40, 'Mrs. Valerie Stark II', 'Iusto ab dolor aut et. Assumenda doloremque quas ipsa suscipit quod. Et iste repellat ea laboriosam autem. Ut incidunt dicta et rerum illo exercitationem.', 5, '2019-11-09 13:59:58', '2019-11-09 13:59:58'),
(86, 36, 'Elsie Ortiz', 'Similique aliquam quaerat blanditiis enim tempore. Quia ut quaerat aliquid. Quidem provident culpa autem beatae rerum. Nulla adipisci maxime eos unde.', 5, '2019-11-09 13:59:58', '2019-11-09 13:59:58'),
(87, 27, 'Shania McCullough', 'Ut voluptatem odit eaque voluptatem ab itaque. Inventore est sunt possimus quia sunt est. Nemo enim unde aliquid magni et rerum dicta. Architecto et consequatur eaque nostrum adipisci quam exercitationem vitae.', 3, '2019-11-09 13:59:58', '2019-11-09 13:59:58'),
(88, 42, 'Marques Kshlerin', 'Modi excepturi quod enim officia tempora asperiores atque. Architecto consequatur consequatur rerum.', 4, '2019-11-09 13:59:58', '2019-11-09 13:59:58'),
(89, 20, 'Jamal Gottlieb', 'Aut iusto sed quisquam voluptates natus voluptas ut. Quam cupiditate sit quam dolor. Voluptate assumenda velit aut consectetur.', 5, '2019-11-09 13:59:58', '2019-11-09 13:59:58'),
(90, 8, 'Kelsie Simonis PhD', 'Fugiat ipsum cum et tempore eaque autem. Nostrum aut at dolore veniam vel provident perspiciatis. Nam eos tempora et iure et nemo. Omnis minus pariatur odit recusandae iste autem.', 5, '2019-11-09 13:59:58', '2019-11-09 13:59:58'),
(91, 46, 'Kitty Wyman', 'Consectetur corporis eius magnam alias doloremque corporis quae. Quasi hic reiciendis ad tempora beatae quia facilis sunt. Iste eaque aut qui aut eum.', 2, '2019-11-09 13:59:58', '2019-11-09 13:59:58'),
(92, 45, 'Dr. Christop Bednar', 'Aspernatur ad quo soluta numquam. Impedit explicabo et ab aut doloribus et. Enim et debitis sequi autem velit necessitatibus quia. Vel autem eligendi neque tempora aut ex quia.', 3, '2019-11-09 13:59:58', '2019-11-09 13:59:58'),
(93, 19, 'Gretchen Hoppe', 'Inventore nesciunt deserunt pariatur qui ipsa tenetur dolor. Laboriosam minus ut blanditiis aut et non. Commodi nam deleniti nulla et quia rerum voluptatem.', 5, '2019-11-09 13:59:58', '2019-11-09 13:59:58'),
(94, 44, 'Constantin Homenick', 'Autem nobis ea aliquid facere autem. Qui amet quia voluptas eius eius ut nobis. Et eveniet nulla provident ex laudantium sed.', 4, '2019-11-09 13:59:58', '2019-11-09 13:59:58'),
(95, 3, 'Sonya Bins', 'Quis dignissimos omnis aliquid quo quia rem vero rerum. Et et veniam sunt tenetur in. Ut corporis delectus nostrum sequi explicabo. Beatae et dolorum eligendi qui. Facere natus quam sed unde ab debitis eaque.', 2, '2019-11-09 13:59:58', '2019-11-09 13:59:58'),
(96, 32, 'Grayson Kuhic', 'Tenetur quidem delectus temporibus at aut. Quae nesciunt distinctio laborum non. Doloribus dolores ut molestiae earum et similique.', 3, '2019-11-09 13:59:58', '2019-11-09 13:59:58'),
(97, 35, 'Delbert Abernathy', 'Aut illum molestiae consequuntur sit velit omnis. Fugit eos similique inventore blanditiis fugit. Quia corporis eaque excepturi quia consequatur enim mollitia. Ut illum culpa culpa itaque tempore est.', 3, '2019-11-09 13:59:58', '2019-11-09 13:59:58'),
(98, 21, 'Ryley Schneider', 'Aut nulla deserunt sint et eius et. Temporibus est tenetur optio rerum. Quam quas mollitia aut autem accusamus quis.', 5, '2019-11-09 13:59:58', '2019-11-09 13:59:58'),
(99, 43, 'Prof. Adolphus Bergstrom PhD', 'Quo deleniti velit soluta unde dicta qui est. Nesciunt nulla sed ad est mollitia aliquam reprehenderit. Qui quis eum modi impedit non reiciendis.', 1, '2019-11-09 13:59:58', '2019-11-09 13:59:58'),
(100, 39, 'Freddy Heller', 'Et eveniet molestiae a accusamus nesciunt. Ipsum quod iste vel officia omnis recusandae. Magni cum nostrum aspernatur eveniet magni dolorem minus. Quia quia et similique repellendus.', 5, '2019-11-09 13:59:58', '2019-11-09 13:59:58'),
(101, 16, 'Lester White', 'Quod sed explicabo deserunt et voluptatum. Id autem dolor laborum dicta officiis ut dolores reiciendis. Omnis est eligendi nihil accusamus consequatur qui debitis. Non qui ipsum et.', 0, '2019-11-09 13:59:58', '2019-11-09 13:59:58'),
(102, 29, 'Buford Bogan', 'Dolor et quia eius. Est optio quos ea corrupti. Laborum vel omnis quam officia commodi ut.', 3, '2019-11-09 13:59:58', '2019-11-09 13:59:58'),
(103, 31, 'Sabryna Smith', 'Eum et et quisquam odio consequatur. Occaecati tempora maiores debitis harum quis reprehenderit consequuntur atque. Sit autem est cupiditate error.', 1, '2019-11-09 13:59:58', '2019-11-09 13:59:58'),
(104, 29, 'Prof. Guiseppe Koelpin', 'Dolore ea hic ut voluptatem autem tenetur. Perspiciatis sint sunt eaque consectetur possimus deleniti amet. Harum dignissimos deserunt suscipit sed.', 1, '2019-11-09 13:59:58', '2019-11-09 13:59:58'),
(105, 13, 'Nova Farrell', 'Dolores temporibus suscipit aliquid porro adipisci. Qui aut nam consequatur aperiam ducimus. Est sapiente tempore eveniet odio dolores. Cupiditate amet placeat molestias voluptatem ipsam a dolor.', 5, '2019-11-09 13:59:58', '2019-11-09 13:59:58'),
(106, 8, 'Dr. Hermann Dicki', 'Atque et hic temporibus maxime assumenda. Minus sint velit harum perferendis qui. Excepturi corporis minima dolores sit non.', 1, '2019-11-09 13:59:58', '2019-11-09 13:59:58'),
(107, 18, 'Roxane Ondricka', 'Aut id vel consequuntur totam. Voluptate porro omnis esse corporis odit enim magnam. Eos reprehenderit dicta est perspiciatis quo. Possimus rerum sit soluta et pariatur debitis esse laboriosam.', 2, '2019-11-09 13:59:58', '2019-11-09 13:59:58'),
(108, 24, 'Beverly Gottlieb', 'Quis vel illo consequuntur ab. Ipsa ratione perferendis nobis maiores autem vitae atque quia. Placeat sapiente blanditiis voluptatem quod consequatur ipsa cumque magni. Veniam consectetur necessitatibus neque laboriosam consequatur quibusdam velit. Quis et qui ex.', 3, '2019-11-09 13:59:58', '2019-11-09 13:59:58'),
(109, 32, 'Prof. Sylvia Rodriguez IV', 'Laudantium deleniti ex ut alias asperiores natus cupiditate. Est voluptas deleniti eum qui exercitationem ducimus. Esse corrupti eum enim quo qui.', 2, '2019-11-09 13:59:58', '2019-11-09 13:59:58'),
(110, 31, 'Laney Beer', 'Autem vel id ut cumque ipsa modi sint ut. Facilis aspernatur et dolorum dignissimos consequuntur dicta consequatur exercitationem. Et itaque commodi laborum qui repellat alias.', 3, '2019-11-09 13:59:58', '2019-11-09 13:59:58'),
(111, 36, 'Abdiel Aufderhar', 'Molestiae laudantium dignissimos aut temporibus velit qui. Sed in voluptatem doloribus facere numquam blanditiis.', 5, '2019-11-09 13:59:58', '2019-11-09 13:59:58'),
(112, 5, 'Mrs. Emily Hammes', 'Sed mollitia at earum fugiat. Sunt odio doloremque eligendi sequi dolorem. Et ullam veniam quia officiis.', 5, '2019-11-09 13:59:58', '2019-11-09 13:59:58'),
(113, 26, 'Alycia Rowe', 'Repellat suscipit ea rerum soluta vitae. Ut repudiandae ut et aut. Libero exercitationem cumque placeat autem itaque recusandae. Occaecati magnam et eaque ea ipsa.', 0, '2019-11-09 13:59:58', '2019-11-09 13:59:58'),
(114, 40, 'Ethyl Bauch', 'Est adipisci magnam voluptas. Atque architecto molestiae eligendi dolores nostrum. Incidunt repudiandae praesentium numquam consequatur nam est.', 5, '2019-11-09 13:59:58', '2019-11-09 13:59:58'),
(115, 28, 'Rachael Upton', 'Voluptas harum tempore ipsam veniam hic quis voluptatem est. Minus harum at cumque sapiente autem ipsam. Molestiae ut quis animi in incidunt et non. Voluptatem doloremque vitae molestiae est animi dolorum ea incidunt.', 2, '2019-11-09 13:59:58', '2019-11-09 13:59:58'),
(116, 8, 'Prof. Casey Braun', 'Aut est incidunt blanditiis quibusdam occaecati ut. Quia nulla voluptatem fugit adipisci voluptatibus dolorem rerum. Id unde nostrum sit temporibus ratione aut. Magnam sed voluptatem exercitationem aut rem voluptatem ipsa est.', 5, '2019-11-09 13:59:58', '2019-11-09 13:59:58'),
(117, 12, 'Mrs. Mertie Bruen', 'Officia aut aut ipsum ea qui iste nulla. Corporis est eos veniam atque aut et a nihil. Sed dolor ad non error.', 0, '2019-11-09 13:59:58', '2019-11-09 13:59:58'),
(118, 50, 'Kenton Boyle', 'Accusamus provident aspernatur incidunt natus ipsa rerum. Qui hic debitis nesciunt labore. Quos minus odit et labore ducimus.', 4, '2019-11-09 13:59:58', '2019-11-09 13:59:58'),
(119, 42, 'Dr. Jamil Abbott V', 'Amet et quisquam atque est consequatur eveniet ea. Fuga quis inventore nulla deserunt. Et doloremque est magnam.', 2, '2019-11-09 13:59:58', '2019-11-09 13:59:58'),
(120, 11, 'Eda Kiehn', 'Officiis velit tempore in illum delectus. Libero perferendis similique pariatur eum id. Ratione porro voluptas unde. Numquam nihil veniam voluptate odit sequi sit.', 1, '2019-11-09 13:59:58', '2019-11-09 13:59:58'),
(121, 15, 'Delbert Crona', 'Enim qui et iusto sint qui. Et esse quisquam totam blanditiis. Laborum est quod modi autem voluptas. Voluptatem earum voluptate corporis velit dolore reprehenderit saepe.', 0, '2019-11-09 13:59:58', '2019-11-09 13:59:58'),
(122, 41, 'Julio Brakus III', 'Et repellat qui ut. Quibusdam reprehenderit sint placeat vitae nesciunt voluptate. Et dolorem quia ex ratione non. Dignissimos officiis voluptatem fugit ipsa et mollitia.', 1, '2019-11-09 13:59:58', '2019-11-09 13:59:58'),
(123, 50, 'Elisabeth Rath', 'Commodi aspernatur vel aut ut. Dolores eius non sunt autem beatae ab ut. Error possimus architecto qui omnis.', 5, '2019-11-09 13:59:58', '2019-11-09 13:59:58'),
(124, 21, 'Mrs. Keara Hansen MD', 'Earum et sint reprehenderit ut voluptatem eos. Voluptatibus sit sint numquam temporibus. Ipsam sint labore expedita laborum accusamus facilis.', 5, '2019-11-09 13:59:58', '2019-11-09 13:59:58'),
(125, 33, 'Dr. Ozella Abernathy IV', 'Libero sequi consectetur eveniet repudiandae exercitationem magni. Aut in ut accusamus voluptatum. Aut voluptatum dolores qui quam id. Quo pariatur provident blanditiis rerum quisquam.', 1, '2019-11-09 13:59:58', '2019-11-09 13:59:58'),
(126, 31, 'Alfonso Barton', 'Eum quaerat nemo deleniti et. Similique quibusdam voluptas nobis tempore officiis. Doloribus sit nam in delectus temporibus beatae.', 1, '2019-11-09 13:59:58', '2019-11-09 13:59:58'),
(127, 30, 'Lisette Will IV', 'Rerum magnam quo voluptatibus voluptas. Et tempora sit laudantium fugit. Doloremque voluptate ducimus corporis expedita totam.', 0, '2019-11-09 13:59:58', '2019-11-09 13:59:58'),
(128, 20, 'Prof. Jessika Murray', 'Et hic deleniti recusandae nesciunt consectetur necessitatibus. Voluptatem non sint voluptatum quia. Non possimus dolorum officia reiciendis soluta modi labore. Blanditiis provident molestias eveniet qui. Vel voluptatem consequuntur autem saepe voluptate sint.', 0, '2019-11-09 13:59:58', '2019-11-09 13:59:58'),
(129, 20, 'Prof. Dominic Conn', 'Magni suscipit alias quia magnam. Minima omnis vel aliquid illum. Magni enim dolores sequi in eum minus.', 2, '2019-11-09 13:59:58', '2019-11-09 13:59:58'),
(130, 7, 'Freddy Rolfson', 'Velit autem beatae sunt fugiat nobis ut perspiciatis. Itaque eaque occaecati nihil doloribus consequatur ut. Debitis suscipit dolorum et vel excepturi vel ipsa.', 0, '2019-11-09 13:59:58', '2019-11-09 13:59:58'),
(131, 27, 'Julien Rohan III', 'Et hic dolorem adipisci totam. Voluptatem et quisquam iusto aut blanditiis nisi quos. Iste rem cupiditate est qui.', 5, '2019-11-09 13:59:58', '2019-11-09 13:59:58'),
(132, 33, 'Dr. Aryanna Daugherty', 'Est qui sapiente repellat totam dolorem et. Quaerat accusamus odit non. Possimus quidem ut officiis architecto consequatur deleniti totam incidunt.', 1, '2019-11-09 13:59:58', '2019-11-09 13:59:58'),
(133, 12, 'Ms. Angelina Mertz Jr.', 'Tenetur illo maiores suscipit voluptatem et dolores. Necessitatibus voluptatem aut quod cumque aut et hic. Culpa veniam et ullam ut harum maxime quia.', 2, '2019-11-09 13:59:58', '2019-11-09 13:59:58'),
(134, 42, 'Holly O\'Conner V', 'Iste incidunt ipsum possimus sint odio. Aliquid eos expedita expedita cum laudantium corporis. Officia sapiente et enim tempora. Aut exercitationem quia eveniet nihil perferendis nesciunt esse.', 1, '2019-11-09 13:59:58', '2019-11-09 13:59:58'),
(135, 41, 'Katharina O\'Keefe', 'Aut sit sed voluptate impedit iusto et. In omnis sunt fugit qui rerum. Reiciendis laborum et et omnis deleniti dignissimos officiis. Numquam rerum blanditiis sit sint vel adipisci ut quia.', 0, '2019-11-09 13:59:58', '2019-11-09 13:59:58'),
(136, 3, 'Kaitlin Glover III', 'Et libero minima nostrum magnam consequatur necessitatibus. Incidunt et sit non id. Rerum deserunt dignissimos iure molestiae culpa sit quia sapiente.', 3, '2019-11-09 13:59:58', '2019-11-09 13:59:58'),
(137, 26, 'Dr. Tate Schinner', 'Iusto sint omnis dicta aut sit. Quo veniam aut ullam animi unde blanditiis. Voluptatibus veniam culpa quia et.', 4, '2019-11-09 13:59:58', '2019-11-09 13:59:58'),
(138, 23, 'Dr. Carley Brown Sr.', 'Consequatur in inventore architecto veritatis. Omnis et quam sunt corporis. Quos non hic quam veritatis tempora earum aut facere. Similique doloremque illum et expedita dolores tenetur optio. Commodi maiores similique delectus.', 4, '2019-11-09 13:59:58', '2019-11-09 13:59:58'),
(139, 48, 'Prof. Jimmy Monahan V', 'Est voluptatem earum deserunt. Deserunt assumenda id voluptates est veniam eius qui. Hic placeat rerum quod qui in. Reprehenderit soluta non maxime quisquam aliquam.', 4, '2019-11-09 13:59:58', '2019-11-09 13:59:58'),
(140, 2, 'Virginia Altenwerth PhD', 'At aut ratione eos et. Sunt ipsam vitae autem qui deleniti. Eos sit eos laborum sed magnam ipsum incidunt nesciunt.', 4, '2019-11-09 13:59:58', '2019-11-09 13:59:58'),
(141, 48, 'Prof. Xavier Klein', 'Mollitia accusamus omnis quod temporibus et quaerat. Expedita molestiae molestiae unde voluptatibus. Omnis et dolores voluptatem est et. Consequatur ratione quae sit.', 5, '2019-11-09 13:59:58', '2019-11-09 13:59:58'),
(142, 43, 'Santina Renner III', 'Aliquam ipsam consequatur laborum. Nobis in earum rem dolorum rerum. Ad sequi voluptas accusantium voluptatum porro deleniti velit. Consequuntur molestias est atque ut esse. Aut nobis ut aperiam blanditiis optio.', 4, '2019-11-09 13:59:58', '2019-11-09 13:59:58'),
(143, 18, 'Mr. Tre Murazik Sr.', 'Expedita temporibus inventore eum rerum maiores nihil ut. Quas soluta iure nisi ut voluptas. Magni maxime iusto inventore aut nesciunt. Voluptatem id quia aliquam expedita consequatur molestias.', 4, '2019-11-09 13:59:58', '2019-11-09 13:59:58'),
(144, 48, 'Miss Sylvia Huels', 'Voluptate aut tempore sapiente. Facere enim est ipsa. Placeat eligendi ea a nesciunt quibusdam quia earum sed. Iste cumque ipsum quia.', 3, '2019-11-09 13:59:58', '2019-11-09 13:59:58'),
(145, 45, 'Linwood Leffler', 'Repudiandae ab illum sint ut. Est illum asperiores est sed. Velit aspernatur voluptatem aut et.', 2, '2019-11-09 13:59:58', '2019-11-09 13:59:58'),
(146, 36, 'Leonard Hartmann', 'Quos numquam aliquam autem tempore voluptatem ipsam earum. Ullam commodi qui incidunt laborum et nihil. Quae qui perferendis et facilis corporis libero et maiores.', 1, '2019-11-09 13:59:58', '2019-11-09 13:59:58'),
(147, 39, 'Susan Glover', 'Nesciunt debitis aut velit consequuntur laudantium asperiores pariatur. Qui ea commodi corporis dolores sapiente soluta. Voluptatem voluptatem voluptatem suscipit temporibus similique magnam. Voluptatem ab pariatur distinctio quia eos quis.', 1, '2019-11-09 13:59:58', '2019-11-09 13:59:58'),
(148, 26, 'Oma Torp', 'Facilis enim qui velit ducimus perferendis recusandae. Exercitationem ipsum nulla iusto suscipit alias delectus amet. Omnis repudiandae accusamus delectus aliquam. Quia et doloremque est voluptatem maxime nisi exercitationem quia. Quidem ducimus numquam quaerat qui odio.', 1, '2019-11-09 13:59:58', '2019-11-09 13:59:58'),
(149, 38, 'Lamar O\'Conner', 'Doloribus tenetur veritatis ut sit dignissimos distinctio. Deleniti asperiores facilis temporibus ab dolores corrupti repellendus. Inventore enim dicta qui inventore aperiam doloremque ratione. Et veritatis a quis sit quas.', 4, '2019-11-09 13:59:58', '2019-11-09 13:59:58'),
(150, 29, 'Kylee Bradtke', 'Architecto cumque vel quae quasi. Porro ex nostrum et est. Eos dignissimos quaerat est.', 1, '2019-11-09 13:59:58', '2019-11-09 13:59:58'),
(151, 44, 'Mrs. Alta Ferry', 'Perspiciatis ex et modi vel qui atque nulla. Ut qui eum autem similique eos.', 5, '2019-11-09 13:59:58', '2019-11-09 13:59:58'),
(152, 27, 'Dahlia Reilly', 'Reprehenderit et est iste aut aspernatur. Placeat quisquam molestiae enim dolor quia doloremque architecto. Dignissimos ut cumque porro amet.', 4, '2019-11-09 13:59:58', '2019-11-09 13:59:58'),
(153, 43, 'Juvenal Medhurst', 'Tempora aliquam aspernatur a beatae. Dolor possimus et quae. Sed omnis rerum eius quia repellat aut architecto. Temporibus totam sunt qui omnis veritatis consequuntur earum.', 1, '2019-11-09 13:59:58', '2019-11-09 13:59:58'),
(154, 34, 'Prof. Hugh Sporer', 'Id voluptates sunt dolore. Eius est molestiae beatae. Aliquid nisi necessitatibus aut reiciendis dolores et sit asperiores. Quo quia quo in eaque illo sint.', 5, '2019-11-09 13:59:58', '2019-11-09 13:59:58'),
(155, 12, 'Prof. Verona Marquardt III', 'Molestiae velit fugiat voluptatum sunt. Eveniet qui id et aut quae consequatur nisi. Qui magnam id non laudantium blanditiis consectetur.', 3, '2019-11-09 13:59:58', '2019-11-09 13:59:58'),
(156, 11, 'Stacey Corwin', 'Vitae aliquid ab dolorum ut rem iure. Consectetur dolore neque officiis dolorum excepturi voluptatum voluptatibus laudantium. Iure ex vero quia tempore. Et dolorum provident eum dolorum alias a ut non.', 0, '2019-11-09 13:59:58', '2019-11-09 13:59:58'),
(157, 46, 'Chauncey Weissnat', 'Impedit temporibus mollitia aliquid deserunt. Quas facere et et sed harum magnam minus.', 4, '2019-11-09 13:59:58', '2019-11-09 13:59:58'),
(158, 34, 'Charlene Hyatt MD', 'A minus voluptate nesciunt molestiae ut doloremque et alias. Et error nostrum nisi provident. Nesciunt eum corporis ut voluptatem. Blanditiis animi facere blanditiis numquam consequatur tenetur nisi.', 3, '2019-11-09 13:59:58', '2019-11-09 13:59:58'),
(159, 43, 'Enos McClure', 'Et fuga voluptatem praesentium et. Sint et consequatur et adipisci ut consequatur illum et. Et aliquam optio magni facilis reiciendis sunt.', 0, '2019-11-09 13:59:58', '2019-11-09 13:59:58'),
(160, 43, 'Brandon Glover', 'Ea ut corrupti voluptas quia possimus esse. Blanditiis assumenda libero veritatis dignissimos ducimus rerum minima. Non rerum quia sapiente libero.', 4, '2019-11-09 13:59:58', '2019-11-09 13:59:58'),
(161, 41, 'Dr. Alfred Jerde PhD', 'Nam eligendi enim aperiam repudiandae. Qui nihil incidunt ut voluptatem in. Expedita aut sit earum doloribus eius. Hic molestias iste tempora minima incidunt.', 0, '2019-11-09 13:59:58', '2019-11-09 13:59:58'),
(162, 18, 'Ms. Estelle Tremblay', 'Totam beatae qui modi aut. Porro sint voluptates quo consequuntur enim ut rerum. Facilis dolor et sapiente sit. Ipsam quod vero consequatur qui cumque.', 4, '2019-11-09 13:59:58', '2019-11-09 13:59:58'),
(163, 47, 'Celine Jast', 'Et ratione qui quod qui. Blanditiis dolor rerum ea quia ut voluptatem. Assumenda tempore explicabo natus architecto sint. Neque est consequatur est ad optio.', 0, '2019-11-09 13:59:58', '2019-11-09 13:59:58'),
(164, 8, 'Wilbert Johnston Sr.', 'Et aut ratione et aliquid quisquam magni. Porro consequuntur non maiores repellendus et consequuntur. Et dolor quia eligendi est sint sit ex.', 0, '2019-11-09 13:59:58', '2019-11-09 13:59:58'),
(165, 41, 'Hobart Ward', 'Quod accusamus dolores totam eligendi ad molestiae. Laborum porro ad quasi veritatis ut. Culpa culpa quae ab magni.', 4, '2019-11-09 13:59:58', '2019-11-09 13:59:58'),
(166, 17, 'Carleton Keeling', 'Praesentium alias deserunt officiis quas est. Ullam voluptates harum sequi voluptatibus. Deleniti necessitatibus culpa ut. Eaque nesciunt dignissimos quaerat.', 1, '2019-11-09 13:59:58', '2019-11-09 13:59:58'),
(167, 11, 'Mrs. Destinee Nicolas IV', 'Assumenda doloremque eius consequatur minus. Iusto facere corporis harum velit. Est vero voluptatem voluptas nulla voluptatem voluptas qui cumque.', 4, '2019-11-09 13:59:58', '2019-11-09 13:59:58'),
(168, 50, 'Bennett Batz III', 'Magnam quo magnam assumenda voluptas minus vitae. Aperiam voluptates eum molestiae animi. Delectus maiores facilis quasi. Et consequatur et iste exercitationem enim quia nemo.', 0, '2019-11-09 13:59:58', '2019-11-09 13:59:58'),
(169, 42, 'Halie Zieme', 'Eveniet ad veniam velit itaque optio architecto odio voluptatem. Rerum aspernatur ex corporis non. Incidunt voluptatem aspernatur repudiandae vel quaerat ut et. Iusto nihil officiis est accusantium voluptas soluta qui amet.', 2, '2019-11-09 13:59:58', '2019-11-09 13:59:58'),
(170, 19, 'Everardo Mertz', 'Ut culpa dolore sed possimus neque veniam. Qui modi sit architecto nulla veritatis sit aliquam. Cum ut voluptate expedita debitis. Quibusdam itaque aliquid debitis quis dolores ea.', 2, '2019-11-09 13:59:58', '2019-11-09 13:59:58'),
(171, 34, 'Mrs. Sophie Koelpin', 'Rerum inventore et aut nobis. Non molestias natus enim.', 4, '2019-11-09 13:59:58', '2019-11-09 13:59:58'),
(172, 24, 'Selmer Macejkovic', 'Consequuntur ut ut perferendis non. Numquam architecto est odio rerum et quas recusandae. Officiis et ex qui voluptatem tempore inventore. Impedit deserunt qui est laborum ex qui.', 2, '2019-11-09 13:59:58', '2019-11-09 13:59:58'),
(173, 15, 'Brant Bruen', 'Accusantium ut neque ea aut incidunt. Natus nihil dolor praesentium tempora sunt itaque. Et corrupti cum est assumenda sit dolor qui.', 2, '2019-11-09 13:59:58', '2019-11-09 13:59:58'),
(174, 8, 'Gisselle Sipes', 'Nobis enim aut aut molestias quibusdam neque. Incidunt nemo odit laboriosam voluptas provident. Rem sit et aut eos. Sapiente possimus exercitationem eos aut quis non.', 2, '2019-11-09 13:59:58', '2019-11-09 13:59:58'),
(175, 29, 'Vickie Torp', 'Ut vero ad est quisquam. Voluptatem reprehenderit blanditiis rerum sit ab soluta. Quia aspernatur sed est sequi iste eaque.', 0, '2019-11-09 13:59:58', '2019-11-09 13:59:58'),
(176, 45, 'Prof. Marisol Weber', 'Doloremque sunt sed odit modi. Et hic quod et mollitia provident. Aliquam animi velit nemo impedit impedit eos quidem.', 2, '2019-11-09 13:59:58', '2019-11-09 13:59:58'),
(177, 4, 'Euna Vandervort', 'Animi totam nihil velit est. Possimus aut aut possimus maxime qui vel dignissimos. In debitis doloribus sapiente molestiae.', 5, '2019-11-09 13:59:58', '2019-11-09 13:59:58'),
(178, 25, 'Ms. Noemy O\'Kon DDS', 'Saepe fugit ut ipsam dignissimos possimus. Nam ex enim commodi. Et nobis non ratione dolores minima magnam. Laboriosam expedita quisquam qui omnis.', 2, '2019-11-09 13:59:58', '2019-11-09 13:59:58'),
(179, 9, 'Dr. Hermann Lubowitz', 'Tempora vero esse incidunt quo non quidem. Illo asperiores voluptatum aspernatur nisi consectetur illum. Ipsam id esse quo error omnis.', 3, '2019-11-09 13:59:58', '2019-11-09 13:59:58'),
(180, 5, 'Tanner Koepp', 'Repellendus voluptatem quae ipsam quia qui tenetur in. Recusandae quisquam officiis in officiis ut voluptas aut ut. Praesentium voluptate architecto sit dolor aut.', 3, '2019-11-09 13:59:58', '2019-11-09 13:59:58'),
(181, 33, 'Mr. Waldo Howell', 'A enim id quasi minima sit odio. Error quidem hic quo non. Sunt sed hic vero ratione nesciunt libero.', 1, '2019-11-09 13:59:58', '2019-11-09 13:59:58'),
(182, 8, 'Ms. Jaquelin Sanford DDS', 'Vel aspernatur quis consequatur eum dolores. Corrupti aut ut beatae modi magni officiis eos. Aut fugiat eaque at distinctio officiis voluptas. Qui iusto amet recusandae.', 5, '2019-11-09 13:59:58', '2019-11-09 13:59:58'),
(183, 24, 'Mr. Boris Steuber', 'Earum vero dolorum quia aperiam. Consequuntur laudantium recusandae qui quam minima qui ab consequatur. Aut ut qui omnis dolores nostrum. Officiis fugit soluta officia debitis et doloribus.', 2, '2019-11-09 13:59:58', '2019-11-09 13:59:58'),
(184, 23, 'Eileen Hyatt DDS', 'Exercitationem possimus laboriosam officia consequatur quis quis. Reprehenderit dolor ullam numquam aut praesentium. Cupiditate sapiente nisi in non sed maiores voluptatem numquam. Doloremque vitae excepturi veritatis itaque.', 4, '2019-11-09 13:59:58', '2019-11-09 13:59:58'),
(185, 48, 'Freddie Hill', 'Sapiente voluptatem dolor magnam aut. Molestiae tempora et qui. Molestiae nihil placeat eaque voluptatibus eligendi beatae iure.', 3, '2019-11-09 13:59:58', '2019-11-09 13:59:58'),
(186, 23, 'Dr. Keenan Lehner Sr.', 'Nam sunt et earum minus qui quaerat voluptatem. Et repellat vel sint nihil aliquam ex ad illo. Rem nulla sint atque libero et possimus et.', 3, '2019-11-09 13:59:58', '2019-11-09 13:59:58'),
(187, 40, 'Noe Metz', 'Corporis eaque corporis eaque animi in consequatur sint. In corrupti exercitationem dolores deserunt aut sunt. Corrupti et tempore animi ut. Deserunt quis nulla tempora qui distinctio.', 5, '2019-11-09 13:59:59', '2019-11-09 13:59:59'),
(188, 11, 'Rachel DuBuque', 'Quia ea ratione quae cumque. In voluptas sed fugit nihil blanditiis.', 5, '2019-11-09 13:59:59', '2019-11-09 13:59:59'),
(189, 46, 'Schuyler Smitham', 'Sed optio totam dolorem vel voluptate voluptatem et. Suscipit explicabo perferendis quis veritatis facere. Voluptatibus non temporibus aut doloremque veritatis nemo.', 4, '2019-11-09 13:59:59', '2019-11-09 13:59:59'),
(190, 28, 'Mrs. Josie Luettgen', 'Perspiciatis ut accusamus molestiae officia ipsum. Culpa animi quia dicta.', 0, '2019-11-09 13:59:59', '2019-11-09 13:59:59'),
(191, 21, 'Harmon Harris II', 'Officiis odio ea distinctio voluptatem officia laborum. Ut non occaecati eos.', 3, '2019-11-09 13:59:59', '2019-11-09 13:59:59'),
(192, 36, 'Schuyler Rempel', 'Dicta libero delectus velit numquam iusto quia perspiciatis. Qui eos et distinctio expedita eos. Rerum dolorem voluptates asperiores assumenda dolor ex pariatur et. Dolorum ex minima deserunt maiores earum earum.', 4, '2019-11-09 13:59:59', '2019-11-09 13:59:59'),
(193, 20, 'Dr. Terrell Bayer', 'Occaecati ex non ipsum molestiae. Deleniti facilis deleniti qui nisi iure mollitia. Iste impedit magnam dolor.', 2, '2019-11-09 13:59:59', '2019-11-09 13:59:59'),
(194, 24, 'Houston Rice', 'Iste ipsum velit cupiditate ea assumenda vel qui. Et quod earum dolore eaque at mollitia. Optio ipsam tenetur aspernatur deleniti quaerat voluptas sed.', 4, '2019-11-09 13:59:59', '2019-11-09 13:59:59'),
(195, 37, 'Arne O\'Kon I', 'Beatae aliquam ipsa eum. Labore in nihil velit magnam veritatis eius id. Exercitationem dolorum id dolorem maxime eos veniam recusandae. Magni et eos quia velit voluptas autem quia.', 5, '2019-11-09 13:59:59', '2019-11-09 13:59:59'),
(196, 17, 'Rozella Streich IV', 'Sint non sed commodi suscipit fugit officiis. Possimus omnis facere at. Unde soluta enim omnis ea aperiam. Laboriosam natus reiciendis esse quos maiores quam.', 1, '2019-11-09 13:59:59', '2019-11-09 13:59:59'),
(197, 46, 'Martine Mayert', 'Dolorum voluptatem sed quam repellat facilis facilis et eum. Est est ullam molestiae. Assumenda a sunt quisquam qui culpa ducimus.', 1, '2019-11-09 13:59:59', '2019-11-09 13:59:59'),
(198, 29, 'Dr. Jadyn Gerhold', 'Doloribus sit aspernatur ut qui et. Ut atque omnis non vitae ea suscipit saepe et. Nemo ab incidunt occaecati dolor aut pariatur nulla.', 4, '2019-11-09 13:59:59', '2019-11-09 13:59:59'),
(199, 3, 'Sigrid Barton', 'Sapiente omnis id dolores quia eaque dolore. Vero corrupti ipsam et perspiciatis qui molestiae nemo. Dolorem vel quasi ab quibusdam fugit.', 5, '2019-11-09 13:59:59', '2019-11-09 13:59:59'),
(200, 25, 'Brady Hartmann', 'Excepturi ea omnis est minima. Autem officia reprehenderit rem optio.', 3, '2019-11-09 13:59:59', '2019-11-09 13:59:59'),
(201, 46, 'Kathryn Daniel', 'Similique eos eligendi laboriosam. Voluptas voluptatem earum placeat dolorem. Officiis magnam et quos sequi enim. Veniam id et doloribus est magni.', 3, '2019-11-09 13:59:59', '2019-11-09 13:59:59'),
(202, 46, 'Jermey Hessel DDS', 'Ullam delectus perferendis assumenda doloribus consectetur quos. Aperiam quibusdam alias et quod dolores. Nesciunt recusandae quia molestiae exercitationem.', 4, '2019-11-09 13:59:59', '2019-11-09 13:59:59'),
(203, 17, 'Dejah Wiza', 'Quis iste est commodi et. Molestias sunt quis velit.', 4, '2019-11-09 13:59:59', '2019-11-09 13:59:59'),
(204, 22, 'Juliana Schmeler', 'Ipsum distinctio cumque cumque pariatur quidem. Voluptas nihil maiores amet ut est ab. Quo voluptates dolorem dolor qui. Illum voluptas fugit a sed rem.', 5, '2019-11-09 13:59:59', '2019-11-09 13:59:59'),
(205, 21, 'Edmond Kerluke', 'Eum id soluta iure ullam autem. Et nemo ab non dignissimos omnis dolores debitis.', 2, '2019-11-09 13:59:59', '2019-11-09 13:59:59'),
(206, 3, 'Taylor Quitzon', 'Atque nemo rerum nesciunt error sed sit id. Iure voluptatem praesentium odit quia. Beatae ab voluptates velit iure et. Quod non sed perferendis vero.', 5, '2019-11-09 13:59:59', '2019-11-09 13:59:59'),
(207, 18, 'Prof. Dallin Stark', 'Non enim et et enim. Aspernatur non quaerat veritatis dicta amet quia modi. Totam sit est hic voluptate quae dolorem sed eum. Tempora et incidunt veritatis rerum nisi nam molestias.', 3, '2019-11-09 13:59:59', '2019-11-09 13:59:59'),
(208, 21, 'Vesta Bednar', 'Reprehenderit nisi animi nemo vero eum animi voluptatibus. Minima blanditiis corporis molestiae et. Aspernatur architecto quibusdam aut quia. Cumque reprehenderit architecto ab deserunt totam mollitia ut libero. Voluptatem praesentium voluptatibus quae reiciendis molestias impedit.', 4, '2019-11-09 13:59:59', '2019-11-09 13:59:59'),
(209, 40, 'Fern Kulas', 'Exercitationem quasi maiores quisquam ipsam nostrum. Suscipit quod a itaque nulla ipsam consequuntur dolorem. Sed qui sint ipsum nesciunt cupiditate et ab sed. Itaque non quod aut dicta est et.', 4, '2019-11-09 13:59:59', '2019-11-09 13:59:59'),
(210, 21, 'Mrs. Dortha Rippin V', 'Et cupiditate voluptas corrupti error et. Qui error sit aliquid dolorem architecto aliquid blanditiis modi. Ad repellat nulla quaerat quibusdam ratione sit ullam. Delectus enim non et rerum.', 4, '2019-11-09 13:59:59', '2019-11-09 13:59:59'),
(211, 43, 'Josiane Jaskolski Sr.', 'Suscipit repellendus officiis ea labore minima. Blanditiis architecto dolorem delectus ducimus rem veritatis. Aut voluptatem laboriosam accusantium voluptas in voluptas non.', 2, '2019-11-09 13:59:59', '2019-11-09 13:59:59'),
(212, 45, 'Alene Simonis', 'Modi est cupiditate voluptatem a et omnis qui. Velit repellat et quia amet corrupti. Officia et debitis molestiae corrupti est dolor unde. Qui sint quia doloribus itaque enim aut ut.', 1, '2019-11-09 13:59:59', '2019-11-09 13:59:59'),
(213, 35, 'Luis Kuhn', 'Est dolorum sit incidunt voluptatem qui. Sit veniam dolor incidunt non reiciendis. Quisquam et sunt quas ea. Pariatur quia veniam perspiciatis impedit aut.', 5, '2019-11-09 13:59:59', '2019-11-09 13:59:59');
INSERT INTO `reviews` (`id`, `product_id`, `customer`, `review`, `star`, `created_at`, `updated_at`) VALUES
(214, 13, 'Monty Hane', 'Sint esse facere dolore sed nihil soluta. Saepe voluptates deleniti velit ipsum similique est.', 5, '2019-11-09 13:59:59', '2019-11-09 13:59:59'),
(215, 25, 'Mrs. Leonora Glover II', 'Non dolores velit quo voluptate. Quo numquam non ut est est voluptas blanditiis. Assumenda quasi nulla unde fuga. Rem quas minus est iure.', 2, '2019-11-09 13:59:59', '2019-11-09 13:59:59'),
(216, 19, 'Wendy Daniel', 'Impedit debitis modi labore et assumenda. Beatae est cum necessitatibus suscipit maxime doloribus. Et sunt incidunt rerum at.', 5, '2019-11-09 13:59:59', '2019-11-09 13:59:59'),
(217, 5, 'Antwan Koelpin', 'Vel reiciendis quis adipisci porro quia. Voluptatem ut quia nisi veritatis. Et doloribus omnis necessitatibus id.', 3, '2019-11-09 13:59:59', '2019-11-09 13:59:59'),
(218, 48, 'Aileen Stamm', 'Perferendis dicta in at et minima quis. Ducimus ea ut consequatur saepe dolorem veritatis fugiat. Voluptatem et facilis molestiae sit dolor.', 4, '2019-11-09 13:59:59', '2019-11-09 13:59:59'),
(219, 33, 'Dayana Cremin', 'Et hic deleniti rerum et adipisci praesentium. Commodi ad rem animi praesentium. Non voluptates id et totam. Sapiente est tenetur cum ut at aut.', 3, '2019-11-09 13:59:59', '2019-11-09 13:59:59'),
(220, 49, 'Richmond Glover', 'Architecto culpa earum ullam nesciunt. Dolor porro nemo non et eius accusamus. Velit ex placeat atque ut et dicta totam.', 3, '2019-11-09 13:59:59', '2019-11-09 13:59:59'),
(221, 20, 'Mr. Rupert Greenfelder DVM', 'Consectetur non id quo ut. Aut et quis eos et quisquam. Et voluptates amet culpa eligendi veritatis quod. Excepturi repudiandae eum natus voluptas iusto ut dolores eaque.', 5, '2019-11-09 13:59:59', '2019-11-09 13:59:59'),
(222, 45, 'Maybell Quitzon', 'Minima sit eos minus consequatur facilis. Laborum officia sed enim voluptatem earum placeat. Fugit repellat mollitia vel officiis expedita ratione vitae. Est voluptatibus esse expedita sunt omnis eum voluptatibus.', 4, '2019-11-09 13:59:59', '2019-11-09 13:59:59'),
(223, 34, 'Prof. Norbert Goyette II', 'Eos nesciunt consequatur ut velit hic nihil ipsa perspiciatis. Minus ut consectetur dignissimos.', 3, '2019-11-09 13:59:59', '2019-11-09 13:59:59'),
(224, 5, 'Leda Mills', 'Id voluptas et magnam quia. Fugiat vero quibusdam vel velit quia et. Sapiente rem ipsam corrupti praesentium ipsam. Numquam quaerat ipsam sed et.', 5, '2019-11-09 13:59:59', '2019-11-09 13:59:59'),
(225, 18, 'Mrs. Flo Rolfson', 'Et quia dolor dicta est. Qui voluptatem nulla inventore. Facere aut est quo ipsa. Praesentium debitis eos vel neque modi ut.', 5, '2019-11-09 13:59:59', '2019-11-09 13:59:59'),
(226, 47, 'Prof. Philip Nolan', 'Sint nam et sit reiciendis eveniet. Reiciendis aut voluptates accusantium debitis iure. Et qui quibusdam incidunt est dolorum. Corrupti magnam sint est ea.', 1, '2019-11-09 13:59:59', '2019-11-09 13:59:59'),
(227, 44, 'Terry Carroll', 'Qui quod deleniti facilis placeat. Voluptatum magni qui est voluptatem quia enim omnis. Ut alias molestiae corrupti.', 0, '2019-11-09 13:59:59', '2019-11-09 13:59:59'),
(228, 8, 'Ms. Kelly Parisian', 'Hic reprehenderit et dolor eos commodi et. Eos ut consequatur ab vero aut.', 4, '2019-11-09 13:59:59', '2019-11-09 13:59:59'),
(229, 25, 'Arne Price', 'Repellat nulla minus ad aut voluptate dicta consequatur. Tempora consectetur et quaerat voluptatem minima eius. Eveniet quae nam ipsum impedit est.', 2, '2019-11-09 13:59:59', '2019-11-09 13:59:59'),
(230, 33, 'Delores O\'Kon', 'Sed soluta odio et ut quisquam. Quia cum eos ea impedit. Quia error adipisci magnam.', 0, '2019-11-09 13:59:59', '2019-11-09 13:59:59'),
(231, 31, 'Dr. Leonard Champlin III', 'In quae voluptatibus velit asperiores minus dolores. Corrupti recusandae voluptas minus voluptates eos rerum. Hic at fugiat sit. Voluptatum molestias tempora cumque.', 3, '2019-11-09 13:59:59', '2019-11-09 13:59:59'),
(232, 1, 'Madelynn Krajcik', 'Rerum cumque alias non animi accusamus. Qui modi facere quis debitis dolorum ipsum. Et quod blanditiis pariatur minima a minus iusto. Et rerum ullam in omnis facilis mollitia aperiam.', 3, '2019-11-09 13:59:59', '2019-11-09 13:59:59'),
(233, 49, 'Joseph Mitchell IV', 'Vel praesentium error aut at quia eaque. Magnam velit et minus alias ad enim neque. Mollitia ut quisquam dolores est impedit perferendis. Possimus sapiente eaque soluta.', 1, '2019-11-09 13:59:59', '2019-11-09 13:59:59'),
(234, 2, 'Lupe Schimmel', 'Aperiam consequuntur id accusamus aperiam. Facilis possimus quia esse veniam aut.', 3, '2019-11-09 13:59:59', '2019-11-09 13:59:59'),
(235, 27, 'Miss Althea Zboncak II', 'Quis cupiditate aliquam est et pariatur quis. A consequatur dolorem dolore libero magni. Officiis cumque nesciunt tempore. Ullam aspernatur exercitationem assumenda culpa id voluptas.', 3, '2019-11-09 13:59:59', '2019-11-09 13:59:59'),
(236, 18, 'Ron Marks', 'Ut est consequatur hic inventore. Modi harum vel explicabo non. Expedita cumque quos sapiente aut.', 2, '2019-11-09 13:59:59', '2019-11-09 13:59:59'),
(237, 28, 'Burnice West V', 'Hic deleniti voluptas soluta eaque repudiandae dolore ratione. Sint quibusdam neque dicta rerum veritatis incidunt deserunt illum. Ab omnis culpa est saepe pariatur iusto exercitationem.', 3, '2019-11-09 13:59:59', '2019-11-09 13:59:59'),
(238, 8, 'Christa Schuppe', 'Assumenda totam et reprehenderit iste in. Fuga voluptatem dolorem sequi necessitatibus vitae. Qui nesciunt consequatur quia dignissimos suscipit distinctio.', 5, '2019-11-09 13:59:59', '2019-11-09 13:59:59'),
(239, 6, 'Ms. Gertrude Jakubowski', 'Deleniti corporis cum iure rerum veritatis. Ut quis ipsa provident. Quia provident numquam velit commodi qui et beatae ducimus. Laborum et dolor odio est laborum.', 1, '2019-11-09 13:59:59', '2019-11-09 13:59:59'),
(240, 9, 'Abdul Terry DDS', 'Dicta voluptas et eaque animi. Unde qui ex error eum omnis nam minus. Rerum mollitia rerum ad optio eveniet commodi velit velit. Quos eos nihil aut quam voluptatem adipisci commodi.', 1, '2019-11-09 13:59:59', '2019-11-09 13:59:59'),
(241, 19, 'Haley Dicki', 'Nemo quos eum laudantium ipsum aut natus. Et libero deserunt minus molestias et dolore. Velit fugit dolorum odit iure quos. Autem sed quod sint consequuntur accusamus dolor libero.', 3, '2019-11-09 13:59:59', '2019-11-09 13:59:59'),
(242, 42, 'Tremaine Bednar MD', 'Eum labore itaque totam enim dolor aut iure. Ullam et non qui similique et fuga sint dolores. Saepe reprehenderit qui vero.', 0, '2019-11-09 13:59:59', '2019-11-09 13:59:59'),
(243, 2, 'Prof. Madisyn Hoeger', 'Ullam esse hic consequatur labore nesciunt. Soluta pariatur aut quasi expedita ut veritatis praesentium amet. Perspiciatis dolorem minima non. Quaerat fuga aut sit.', 1, '2019-11-09 13:59:59', '2019-11-09 13:59:59'),
(244, 27, 'Gregory Metz', 'Dolores at excepturi accusantium enim. Id quia aut maiores consequatur fugit labore voluptas. Animi quia voluptas a modi illum.', 4, '2019-11-09 13:59:59', '2019-11-09 13:59:59'),
(245, 14, 'Dr. Shemar Koch', 'Exercitationem quis nesciunt error voluptates exercitationem ipsam. Velit quo ab qui. Et est dolorem ut voluptatem qui dolor placeat incidunt. Libero aliquam architecto nemo animi est dolorum magnam.', 2, '2019-11-09 13:59:59', '2019-11-09 13:59:59'),
(246, 50, 'Mrs. Nichole Aufderhar II', 'Omnis a necessitatibus odio. Quibusdam quia ratione et minima illo esse. Ab aspernatur repellat porro non quidem.', 3, '2019-11-09 13:59:59', '2019-11-09 13:59:59'),
(247, 23, 'May Brown', 'Non et doloremque alias perspiciatis provident. Maiores officiis et dolore minima error harum tempore. Non inventore sapiente occaecati aut. Eius aspernatur ratione magni incidunt quia iste. Odio voluptas minus vel quasi quos voluptatem et.', 1, '2019-11-09 13:59:59', '2019-11-09 13:59:59'),
(248, 34, 'Cynthia Schaden', 'Atque officiis accusamus explicabo sapiente. A sapiente et repudiandae sit omnis at vel minus. A itaque vel quo vitae voluptas natus ut.', 4, '2019-11-09 13:59:59', '2019-11-09 13:59:59'),
(249, 29, 'Cheyanne Grady', 'Harum nulla in aut nemo. A dolores non perspiciatis soluta totam. Vero recusandae omnis molestiae incidunt blanditiis nisi. Quae incidunt aut placeat quas. Est quis sit ratione ipsa et voluptatem.', 3, '2019-11-09 13:59:59', '2019-11-09 13:59:59'),
(250, 25, 'Roderick Halvorson', 'Vero et debitis harum excepturi ipsum rerum placeat. Incidunt earum quasi perferendis non officia. Id modi magni provident omnis nisi qui provident in.', 1, '2019-11-09 13:59:59', '2019-11-09 13:59:59'),
(251, 14, 'Gladyce Gulgowski', 'Quis dolorem commodi nemo. Temporibus eum et at eligendi. Eveniet dignissimos asperiores possimus dicta autem. Sit vel vel est illum incidunt nisi qui.', 3, '2019-11-09 13:59:59', '2019-11-09 13:59:59'),
(252, 10, 'Jevon Witting', 'Nihil laborum quaerat qui laborum aut odit. Voluptatum voluptatem magni aliquid odit dolorem sunt. Dolorem incidunt ut esse sit consequuntur. Facilis at est et qui eius dolores.', 4, '2019-11-09 13:59:59', '2019-11-09 13:59:59'),
(253, 42, 'Arely Hill', 'Commodi cumque voluptas quisquam at quis aliquam et. Consequatur nihil animi ipsam sit. Dolorem et blanditiis quaerat corrupti voluptatem molestias.', 2, '2019-11-09 13:59:59', '2019-11-09 13:59:59'),
(254, 27, 'Stefanie Bergstrom Sr.', 'Voluptates quam placeat ut natus odio. Aut quia doloremque amet officia eos odit. In aspernatur consequatur numquam.', 3, '2019-11-09 13:59:59', '2019-11-09 13:59:59'),
(255, 46, 'Prof. Evelyn Willms', 'Maxime ducimus facilis voluptatem voluptatem quam minus. Quos ut accusamus et voluptatibus atque voluptas eaque. Aut necessitatibus corrupti voluptatem. Accusamus est occaecati maiores eum dolores voluptatum et.', 1, '2019-11-09 13:59:59', '2019-11-09 13:59:59'),
(256, 16, 'Ms. Mckayla McCullough', 'Facilis quidem error possimus distinctio. Facilis molestias quaerat excepturi dolor nisi eum. Dolorum nesciunt quis commodi dolore quos natus sed.', 5, '2019-11-09 13:59:59', '2019-11-09 13:59:59'),
(257, 1, 'Jazmyne Wiegand', 'Odio quos sit harum accusamus. Aut qui in temporibus officiis et ipsa voluptatem. Adipisci sed et est in cumque ut. Velit laboriosam in numquam.', 5, '2019-11-09 13:59:59', '2019-11-09 13:59:59'),
(258, 38, 'Prof. Jackeline Wintheiser I', 'Provident quidem non debitis dolorem officiis. Laboriosam quae architecto adipisci blanditiis. Voluptatem fugit ab molestias ipsum vel qui beatae voluptatem.', 5, '2019-11-09 13:59:59', '2019-11-09 13:59:59'),
(259, 8, 'Cloyd Jenkins Sr.', 'Ut voluptas illum aliquid repellendus similique aut blanditiis. Voluptatem sunt distinctio ducimus iure eaque voluptatum. Tempora sequi dolor aut consectetur. Dignissimos consequatur iste ipsa cum.', 5, '2019-11-09 13:59:59', '2019-11-09 13:59:59'),
(260, 34, 'Mr. Verner Christiansen', 'Voluptatem possimus error nostrum nemo. Id cumque veniam laborum recusandae blanditiis quidem eos voluptas. Porro ratione reiciendis dignissimos iure dolore dicta.', 0, '2019-11-09 13:59:59', '2019-11-09 13:59:59'),
(261, 17, 'Dannie Baumbach', 'Officia quisquam iure ipsa minima unde. Reiciendis eaque magni blanditiis qui animi totam ut.', 1, '2019-11-09 13:59:59', '2019-11-09 13:59:59'),
(262, 30, 'Zoe Harris', 'Molestiae aut ea est nulla neque. Debitis illo rerum porro nam voluptas ut ab. Et repellat laboriosam error quibusdam eos a. Voluptas qui aliquid repellendus ipsa nulla numquam.', 0, '2019-11-09 13:59:59', '2019-11-09 13:59:59'),
(263, 47, 'Warren Funk III', 'Repudiandae et fugiat ut fuga. Dolor nulla dolor dolores consequatur doloribus adipisci. Minima sint ab illo sunt quaerat. Doloribus excepturi repudiandae illo iure cum suscipit eligendi.', 2, '2019-11-09 13:59:59', '2019-11-09 13:59:59'),
(264, 6, 'Eda D\'Amore Sr.', 'Ab omnis vitae dolores omnis odio. Et ratione et quaerat quae. Ex pariatur repellat pariatur nihil nulla. Id ea est sed non perferendis.', 2, '2019-11-09 13:59:59', '2019-11-09 13:59:59'),
(265, 45, 'Ms. Kristy Kunde PhD', 'Et sequi excepturi aliquam libero. Et non sunt inventore sit. Omnis optio assumenda ea in.', 3, '2019-11-09 13:59:59', '2019-11-09 13:59:59'),
(266, 48, 'Robert Kertzmann', 'Eaque id eum quia veniam eos fugit. Ad autem dolore doloremque deserunt. Sequi neque sunt ratione ut totam assumenda accusantium.', 0, '2019-11-09 13:59:59', '2019-11-09 13:59:59'),
(267, 2, 'Tyrell Considine', 'Fugit quia suscipit ex voluptatibus consequatur deserunt distinctio. Iste voluptatibus accusantium maxime totam vel occaecati nihil. Architecto inventore deserunt dolores tempore dignissimos aliquid.', 2, '2019-11-09 13:59:59', '2019-11-09 13:59:59'),
(268, 49, 'Prof. Boyd Stiedemann III', 'Sint sunt eum est. Ut quos provident dolorum optio eligendi et. Animi consequatur id iste. Nemo veritatis quam illo mollitia iure et id.', 4, '2019-11-09 13:59:59', '2019-11-09 13:59:59'),
(269, 32, 'Ona Yost', 'Et fuga voluptas quis consectetur vel. Fugiat ad sed dolore possimus. Praesentium quisquam et aliquid.', 5, '2019-11-09 13:59:59', '2019-11-09 13:59:59'),
(270, 18, 'Mr. Curt Jacobson', 'Ex omnis id placeat repudiandae veniam saepe. Voluptas exercitationem et et animi neque culpa et. Tenetur aliquam nulla sint sed eligendi molestias. Non ex aut quis eum itaque ut. Omnis omnis blanditiis repellat occaecati in porro.', 5, '2019-11-09 13:59:59', '2019-11-09 13:59:59'),
(271, 17, 'Emely Balistreri', 'Beatae veritatis magni voluptas tempore qui vero. Reprehenderit voluptatem nihil incidunt consequatur minus. Nisi alias consectetur excepturi qui earum quasi.', 3, '2019-11-09 13:59:59', '2019-11-09 13:59:59'),
(272, 39, 'Michele Kuhlman', 'Blanditiis voluptatem repudiandae quod qui veniam. Repudiandae aut ut explicabo et sed. Nulla ullam et rerum. Architecto rem mollitia nihil quos suscipit maxime qui.', 2, '2019-11-09 13:59:59', '2019-11-09 13:59:59'),
(273, 34, 'Dayana Hartmann', 'Dolorem incidunt est est reiciendis minus voluptas deserunt. Repellat ex minima sed delectus rerum est. Facere magnam in tenetur commodi tenetur nihil temporibus.', 5, '2019-11-09 13:59:59', '2019-11-09 13:59:59'),
(274, 1, 'Adele Carter III', 'Quaerat et harum vel quasi tenetur quis mollitia. Autem ut doloribus porro aut. Amet sit voluptas occaecati praesentium ipsum.', 2, '2019-11-09 13:59:59', '2019-11-09 13:59:59'),
(275, 48, 'Mr. Bart Eichmann', 'Magnam eveniet sunt omnis dicta dolorem omnis. Maiores quia voluptate modi dolorem ratione. Quasi vel eligendi quis est quia minima. Qui quia autem incidunt a provident quisquam laudantium quidem.', 1, '2019-11-09 13:59:59', '2019-11-09 13:59:59'),
(276, 28, 'Erwin Jerde', 'Vitae autem sunt aliquid quisquam qui. Atque ab ab non non harum quia maxime. Iste dolorem fugiat tenetur vero sed veritatis. Consequatur soluta exercitationem cupiditate sed.', 4, '2019-11-09 13:59:59', '2019-11-09 13:59:59'),
(277, 12, 'Beulah Wuckert Sr.', 'Harum magni vitae earum rerum vel et. Est quis voluptates et beatae architecto suscipit. Eum nostrum et architecto ipsa nihil veritatis. Impedit nobis consequuntur labore.', 2, '2019-11-09 13:59:59', '2019-11-09 13:59:59'),
(278, 39, 'Dr. Brook Kirlin', 'Nisi voluptas aut voluptatem dolorem sint voluptatem. Aut voluptatum eaque veniam voluptatibus iste enim velit temporibus. Voluptatibus facere voluptatem doloremque rerum quas. Vel sunt magni alias enim et.', 2, '2019-11-09 13:59:59', '2019-11-09 13:59:59'),
(279, 43, 'Shanny Schmidt MD', 'Aut incidunt non nisi optio qui iure. Laborum dicta recusandae eum voluptatem consectetur. Debitis ducimus nihil laboriosam eveniet. Molestias voluptas repellat sint dolores.', 5, '2019-11-09 13:59:59', '2019-11-09 13:59:59'),
(280, 32, 'Mr. Adolph Weissnat DVM', 'Ea ut sit tempora et aliquam. Fuga quasi consequatur eaque nisi. Corporis numquam rerum excepturi omnis voluptates sunt. Necessitatibus inventore eligendi ea explicabo aut consectetur.', 5, '2019-11-09 13:59:59', '2019-11-09 13:59:59'),
(281, 44, 'Dr. Gwendolyn Kertzmann', 'Ut illo consequatur qui ut adipisci nam. Aperiam inventore facere harum unde non. Saepe autem excepturi odit recusandae enim aperiam.', 2, '2019-11-09 13:59:59', '2019-11-09 13:59:59'),
(282, 31, 'Archibald Runolfsdottir', 'Est temporibus officia vitae odit ullam. Omnis tempora et porro iure ut ducimus. Explicabo perspiciatis labore odio velit.', 0, '2019-11-09 13:59:59', '2019-11-09 13:59:59'),
(283, 36, 'Mrs. Stephania Larkin', 'Sunt et veniam ad libero iste tenetur eos. Voluptatem quia velit voluptas voluptatibus minus. Quis voluptatem illo iste excepturi possimus qui velit.', 4, '2019-11-09 13:59:59', '2019-11-09 13:59:59'),
(284, 14, 'Mrs. Joelle Wyman', 'Delectus reprehenderit minus laborum et rerum fuga. Magnam sunt atque dolores tempore aut omnis. Quos et consequatur corporis sapiente ab sit beatae. Ea dicta reprehenderit aut consequatur impedit reiciendis.', 4, '2019-11-09 13:59:59', '2019-11-09 13:59:59'),
(285, 37, 'Mr. Edgar Graham I', 'Natus quae vero cupiditate veritatis veritatis expedita. Quas aut modi doloribus. Adipisci vel iure ex eaque blanditiis sit.', 2, '2019-11-09 13:59:59', '2019-11-09 13:59:59'),
(286, 11, 'Edwina Koss DVM', 'Tempore culpa eos quam suscipit ab. Saepe est autem reiciendis iure. Praesentium distinctio consequuntur est voluptatum odit autem.', 2, '2019-11-09 13:59:59', '2019-11-09 13:59:59'),
(287, 23, 'Lorenzo Berge', 'Dolorum cum aperiam nulla libero eos quis quis magni. Quia tempore aut animi in odit quae deserunt. Qui et est voluptatibus itaque debitis cum quia.', 0, '2019-11-09 13:59:59', '2019-11-09 13:59:59'),
(288, 19, 'Prof. Major Windler', 'Molestias iure ut voluptas cum ullam. Aut commodi maiores sed qui qui error. Dolor eveniet repellendus quaerat fugit eos. Itaque quis dolores autem provident.', 2, '2019-11-09 13:59:59', '2019-11-09 13:59:59'),
(289, 35, 'Prof. Isaiah Cormier', 'Adipisci adipisci voluptatem dolorem aut tempore. Sapiente repellat incidunt consequatur. Sequi enim ut recusandae nam et.', 1, '2019-11-09 13:59:59', '2019-11-09 13:59:59'),
(290, 24, 'Bell Hettinger', 'Ipsam enim voluptas similique. Ducimus porro perferendis similique et quae labore ut. Odio incidunt ut voluptas corporis consequuntur labore labore. Occaecati aut nihil maxime in et molestiae error.', 3, '2019-11-09 13:59:59', '2019-11-09 13:59:59'),
(291, 16, 'Kenneth Pollich', 'Molestiae aut velit voluptatem enim. Itaque quia vel accusamus voluptas in. Consectetur ducimus praesentium fuga labore aut officia. Aut nihil qui similique sapiente dolor iure dicta rerum.', 1, '2019-11-09 13:59:59', '2019-11-09 13:59:59'),
(292, 40, 'Ottis Mayer', 'Nostrum maxime voluptatum dolorem. Voluptatem voluptatem quia quia ut quisquam. Voluptatem id omnis eos rerum.', 1, '2019-11-09 13:59:59', '2019-11-09 13:59:59'),
(293, 17, 'Orion Pacocha', 'Unde aspernatur quia ratione rerum quasi. Nam quis minima sed ex qui et. Totam velit delectus ut atque optio et voluptas.', 1, '2019-11-09 13:59:59', '2019-11-09 13:59:59'),
(294, 15, 'Leon Howe', 'Omnis consequatur suscipit dolore omnis. Quidem quidem omnis quas impedit et ipsa.', 1, '2019-11-09 13:59:59', '2019-11-09 13:59:59'),
(295, 12, 'Miss Domenica Herman PhD', 'Adipisci omnis asperiores culpa qui officia ad. Sunt non similique molestias omnis quod incidunt. Sed praesentium illum veniam. Quis dolores ipsum ab inventore voluptatem. Optio ab in dolore qui.', 1, '2019-11-09 13:59:59', '2019-11-09 13:59:59'),
(296, 21, 'Ms. Kayla Kris', 'Eligendi numquam id quo totam accusamus. Consequatur nihil quae saepe eum beatae. Incidunt rerum ipsum reiciendis. Quis blanditiis neque omnis rerum enim sint reiciendis odio.', 5, '2019-11-09 13:59:59', '2019-11-09 13:59:59'),
(297, 8, 'Erna Wyman', 'In in accusamus aliquid optio. Quidem nemo qui accusantium qui alias culpa. Nam odio corrupti ea rem.', 3, '2019-11-09 13:59:59', '2019-11-09 13:59:59'),
(298, 6, 'Miss Pansy Stanton V', 'Nihil aut aut accusantium sed culpa rerum laborum aut. Explicabo eos vero expedita ad eum non error cumque. Iure aut consequatur est reiciendis odit. Velit iure at voluptatem et voluptatem at voluptatum.', 4, '2019-11-09 13:59:59', '2019-11-09 13:59:59'),
(299, 44, 'Guy Kuphal', 'Omnis fuga earum ipsum molestiae accusamus unde qui. Sit dignissimos sit inventore officia totam modi eius. Et reiciendis alias nisi molestiae laboriosam ut aut. Debitis magni molestias fugit qui.', 3, '2019-11-09 13:59:59', '2019-11-09 13:59:59'),
(300, 46, 'Fred Nienow', 'Dolores vel eum sapiente dolor molestiae. Eaque qui qui distinctio voluptatem laborum est alias. Recusandae ut soluta et recusandae vel assumenda voluptas. Ut unde itaque sit.', 0, '2019-11-09 13:59:59', '2019-11-09 13:59:59');

-- --------------------------------------------------------

--
-- Table structure for table `users`
--

CREATE TABLE `users` (
  `id` bigint(20) UNSIGNED NOT NULL,
  `name` varchar(255) COLLATE utf8mb4_unicode_ci NOT NULL,
  `email` varchar(255) COLLATE utf8mb4_unicode_ci NOT NULL,
  `email_verified_at` timestamp NULL DEFAULT NULL,
  `password` varchar(255) COLLATE utf8mb4_unicode_ci NOT NULL,
  `remember_token` varchar(100) COLLATE utf8mb4_unicode_ci DEFAULT NULL,
  `created_at` timestamp NULL DEFAULT NULL,
  `updated_at` timestamp NULL DEFAULT NULL
) ENGINE=InnoDB DEFAULT CHARSET=utf8mb4 COLLATE=utf8mb4_unicode_ci;

--
-- Indexes for dumped tables
--

--
-- Indexes for table `failed_jobs`
--
ALTER TABLE `failed_jobs`
  ADD PRIMARY KEY (`id`);

--
-- Indexes for table `migrations`
--
ALTER TABLE `migrations`
  ADD PRIMARY KEY (`id`);

--
-- Indexes for table `password_resets`
--
ALTER TABLE `password_resets`
  ADD KEY `password_resets_email_index` (`email`);

--
-- Indexes for table `products`
--
ALTER TABLE `products`
  ADD PRIMARY KEY (`id`);

--
-- Indexes for table `reviews`
--
ALTER TABLE `reviews`
  ADD PRIMARY KEY (`id`),
  ADD KEY `reviews_product_id_index` (`product_id`);

--
-- Indexes for table `users`
--
ALTER TABLE `users`
  ADD PRIMARY KEY (`id`),
  ADD UNIQUE KEY `users_email_unique` (`email`);

--
-- AUTO_INCREMENT for dumped tables
--

--
-- AUTO_INCREMENT for table `failed_jobs`
--
ALTER TABLE `failed_jobs`
  MODIFY `id` bigint(20) UNSIGNED NOT NULL AUTO_INCREMENT;

--
-- AUTO_INCREMENT for table `migrations`
--
ALTER TABLE `migrations`
  MODIFY `id` int(10) UNSIGNED NOT NULL AUTO_INCREMENT, AUTO_INCREMENT=7;

--
-- AUTO_INCREMENT for table `products`
--
ALTER TABLE `products`
  MODIFY `id` bigint(20) UNSIGNED NOT NULL AUTO_INCREMENT, AUTO_INCREMENT=51;

--
-- AUTO_INCREMENT for table `reviews`
--
ALTER TABLE `reviews`
  MODIFY `id` bigint(20) UNSIGNED NOT NULL AUTO_INCREMENT, AUTO_INCREMENT=301;

--
-- AUTO_INCREMENT for table `users`
--
ALTER TABLE `users`
  MODIFY `id` bigint(20) UNSIGNED NOT NULL AUTO_INCREMENT;

--
-- Constraints for dumped tables
--

--
-- Constraints for table `reviews`
--
ALTER TABLE `reviews`
  ADD CONSTRAINT `reviews_product_id_foreign` FOREIGN KEY (`product_id`) REFERENCES `products` (`id`) ON DELETE CASCADE ON UPDATE CASCADE;
COMMIT;

/*!40101 SET CHARACTER_SET_CLIENT=@OLD_CHARACTER_SET_CLIENT */;
/*!40101 SET CHARACTER_SET_RESULTS=@OLD_CHARACTER_SET_RESULTS */;
/*!40101 SET COLLATION_CONNECTION=@OLD_COLLATION_CONNECTION */;
